-1.096234,-0.724950,-1.006232,-0.822381
-1.181965,-0.553265,-1.097722,-0.872936
-1.165605,-0.304634,-1.399787,-0.401027
-1.905935,2.204864,-1.639463,-3.127369
-1.248481,-0.188352,-1.509577,-0.361079
-1.181937,-0.366361,-1.416933,-0.242869
-1.445290,-0.248607,-1.396927,-0.352452
-1.345609,-0.193646,-1.779039,-0.215158
-1.241456,-0.318373,-1.394567,-0.423588
-1.364653,1.780350,-2.452379,2.698213
-1.314848,-0.227399,-1.414139,-0.454801
-1.225123,-0.341273,-1.405340,-0.188858
-1.431118,-0.281661,-1.340810,-0.435187
-1.326692,-0.142852,-1.750586,-0.154521
-1.195422,-0.268417,-1.440771,-0.420133
-1.371938,1.260132,-2.075636,2.747480
-1.077679,-0.257840,-1.502059,-0.359325
-1.106898,-0.343411,-1.498547,-0.180585
-1.132187,-0.396344,-1.254888,-0.438382
-1.328651,-0.304026,-1.668000,-0.339954
-1.126644,-0.722687,-1.104880,-0.765501
-1.312128,-0.515110,-1.114369,-0.769675
-1.086411,-0.821409,-1.151389,-0.733304
-1.222644,-0.673126,-1.150020,-0.732994
-2.381982,-0.411630,-0.907944,-0.849555
-1.157799,-0.697475,-1.102687,-0.814520
-1.171474,-0.588169,-1.134706,-0.717270
-1.114382,-0.867244,-1.140724,-0.677445
-1.109200,-0.710297,-1.183593,-0.671246
-2.438655,-0.369908,-0.896930,-0.838919
-1.300734,-0.508714,-1.224741,-0.547601
-1.242660,-0.520581,-1.173916,-0.645412
-1.237501,-0.568817,-1.187277,-0.647872
-1.272876,-0.609202,-1.119887,-0.669908
-1.137850,-0.705376,-1.091283,-0.658309
-1.289530,2.313484,-1.966237,2.611599
-1.188910,-0.590312,-1.153167,-0.709861
-1.207451,2.236138,-1.952974,2.718485
-1.044352,-0.759057,-1.103455,-0.733051
-1.457845,2.164732,-1.352480,2.806003
-1.734287,2.868164,-2.011408,2.346634
-2.120257,2.876944,-2.010755,2.345283
-2.082678,2.727595,-2.274339,2.113978
-2.174267,0.615284,-1.416890,-0.434478
-1.154701,-0.420764,-1.254384,-0.244566
-1.096247,-0.559677,-1.615900,-0.200852
-2.274007,2.205219,-1.215264,-0.673829
-1.103103,-0.432765,-1.481122,0.003499
-1.901019,2.018718,-1.599527,2.040435
-1.129871,-0.243788,-1.026471,-0.398891
-0.995892,-0.492000,-1.117801,-0.629504
-1.004998,-0.878268,-1.040830,-0.842456
-1.201633,-0.543613,-1.238870,-0.699129
-1.193028,-0.705997,-1.097248,-0.648700
-1.085462,-0.685332,-1.031023,-0.786343
-1.284636,-0.644654,-1.100488,-0.774986
-2.054992,2.317081,-2.138994,1.984731
-1.227709,-0.612052,-1.067267,-0.707075
-1.130791,-0.716910,-1.083692,-0.787615
-1.084549,-0.463807,-1.240385,-0.347101
-1.013643,-0.771216,-1.182904,-0.612428
-1.017667,-0.765516,-1.181262,-0.596797
-2.332188,2.484717,-1.294492,1.970675
-2.387139,2.709403,-1.222845,2.200906
-1.085791,-0.807956,-1.083160,-0.841852
-2.060404,2.238138,-1.629476,2.165491
-2.051615,2.242948,-1.641850,2.169921
-1.134732,-0.726718,-1.009914,-0.803632
-1.099177,-0.750449,-0.961501,-0.814397
-2.120410,2.468606,-1.293633,1.895923
-1.147268,-0.640920,-1.196969,-0.561697
-1.071374,-0.662449,-1.152925,-0.796585
-1.075358,-0.738000,-1.138781,-0.628145
-1.004682,-1.406351,-0.661435,-0.697711
-1.136204,-0.625041,-1.492170,-0.212873
-2.275708,2.284464,-2.041395,2.411710
-1.825343,2.991443,-1.639373,2.337678
-1.252371,-0.562087,-1.242053,-0.704519
-1.097023,-0.711473,-1.082466,-0.732256
-0.929626,-0.553083,-1.454673,-0.172919
-1.082580,-0.785655,-1.531820,-0.391938
-1.277280,-0.830978,-1.634206,-0.422103
-1.250931,-0.625920,-1.088265,-0.790023
-1.175398,-0.626295,-1.210104,-0.510166
-1.250957,-0.632771,-1.043413,-0.792949
-1.137055,-0.802240,-0.966751,1.557317
-1.692173,2.855653,-1.518049,1.904123
-1.620929,0.207884,1.033281,0.670827
-2.057892,1.758483,-1.785245,2.345111
-1.171026,-0.708933,-1.052733,-0.819942
-2.079287,1.822760,-1.856993,2.398403
-1.206266,-0.705615,-1.121659,-0.715527
-1.079403,-0.629785,-1.429420,-0.021102
-0.988918,-0.746571,-1.372368,-0.227609
-1.233475,-0.592809,-1.152920,-0.593087
-1.236767,-0.612671,-1.165585,-0.575273
-1.108406,-0.748170,-1.161940,-0.729034
-1.183097,-0.617041,-1.152903,-0.822743
-1.115509,-0.792294,-1.125358,-0.758946
-1.150039,-0.588849,-1.200349,-0.722754
-1.140069,-0.730078,-1.119403,-0.660940
-1.420326,2.480760,-1.152662,2.414788
-1.090719,-0.620256,-1.158681,-0.669313
-1.186499,-0.627860,-1.048280,-0.859932
-1.965922,2.111057,-1.754219,1.844564
-1.426927,2.738607,-2.019444,2.140791
-2.513624,2.394586,-1.168595,-0.939125
-1.253823,-0.582522,-1.160280,-0.764298
-1.052948,-0.774920,-1.072770,-0.864791
-1.225714,-0.712200,-1.102615,-0.627918
-1.515245,-0.231295,-1.223253,2.761779
-1.133540,-0.692547,-1.006741,-0.742406
-1.114953,-0.747657,-1.069910,-0.664143
-1.039855,-0.769914,-1.223292,-0.581451
-1.269155,-0.745612,-1.103484,-0.562222
-1.122616,-0.719876,-1.158068,-0.682778
-0.965719,-0.903706,-0.995976,-0.777840
-1.281921,-0.661620,-1.636126,-0.148047
-1.378724,2.134499,-1.786812,2.175906
-1.026843,-0.653088,-1.076279,-0.815271
-1.666545,-0.354564,-1.305162,2.576200
-2.320098,2.590471,-2.192007,2.117975
-2.240744,2.539155,-2.204554,2.087141
-1.219730,-0.673404,-1.094977,-0.742735
-1.144409,-0.656518,-1.160130,-0.683782
-1.052746,-0.670507,-1.115006,-0.943461
-1.519596,-0.121212,-1.405707,1.126649
-1.291996,-0.739652,-0.881134,-0.784264
-1.005863,-0.729923,-1.160704,-0.834871
-1.564835,0.048080,-1.549370,1.091977
-1.297552,-0.759608,-0.812814,-0.759372
-1.806573,2.080047,-1.188714,-0.223527
-1.070824,-0.860816,-1.465175,-0.183442
-1.695661,2.201869,-1.789625,2.344728
-0.985284,-0.976077,-1.413062,-0.032513
-2.450568,2.605122,-0.978192,-0.617438
-1.721647,2.194133,-1.760664,2.242397
-1.597077,-0.504284,-1.114766,-0.681975
-2.718726,2.770479,-2.074926,2.371500
-1.477546,1.732108,-1.875290,2.475763
0.965450,0.711123,-1.323163,2.399985
-1.081874,-0.746499,-1.084546,-0.777106
-1.142057,-0.787693,-1.073350,-0.588796
-1.084017,-0.924105,-0.955950,-0.651480
-1.063527,-0.677951,-0.999218,-0.404948
-1.006204,-0.554667,-1.038593,-0.689763
-1.126140,-0.657272,-1.377848,-0.220834
-1.869464,2.350726,-2.123215,0.985611
-1.204476,-0.337279,-1.275006,2.693331
-1.189292,-0.623708,-1.238813,-0.839841
-2.001593,0.357189,-2.218527,2.470339
-1.079409,-0.678748,-1.192643,-0.911722
-1.814685,0.148491,-2.145680,2.722794
0.937503,0.767234,-2.142973,2.483940
-1.170967,-0.702950,-1.026784,-0.848736
-1.497509,1.269737,-1.174860,2.703337
-1.639627,2.129241,-2.010333,2.218505
-1.063814,-0.764818,-1.060568,-0.539444
-1.101049,-0.692752,-1.151853,-0.390917
-1.671727,2.098162,-1.915937,2.194366
-1.072109,-0.692733,-1.093070,-0.571888
-1.092363,-0.704324,-1.072979,-0.460000
-1.674811,2.080379,-1.934481,2.248964
-1.152450,-0.663864,-1.170133,-0.490925
-1.086812,-0.687085,-1.134985,-0.412419
-1.696085,2.096143,-1.955811,2.205419
-1.189891,-0.677354,-1.117464,-0.511414
-1.167919,-0.670341,-1.128225,-0.445478
-1.173428,-0.362602,-1.104826,-0.796170
-1.829417,2.121895,-2.488926,2.402755
-1.087911,-0.703710,-1.340430,-0.745632
-1.283775,-0.418976,-1.683689,2.732907
-1.469197,-0.659169,-1.278267,-0.348511
-1.145257,-0.515876,-1.186537,-0.429025
-1.239160,-0.453807,-1.253383,-0.376677
-2.772758,2.595455,0.809625,-2.180393
-2.726711,2.648950,0.859132,-2.243933
-2.232301,2.425170,-1.514555,2.301073
-1.109780,-0.767441,-1.157187,-0.773784
-1.267655,-0.271731,-1.667617,-0.020818
-2.053153,2.816699,-1.479986,2.327967
-1.280582,-0.499796,-2.499844,1.971013
-1.170381,-0.628315,-1.092362,-0.851372
-1.163294,-0.745204,-1.110483,-0.791134
-1.189333,-0.812068,-1.077559,-0.741625
-2.128035,1.314224,-1.380664,1.899898
1.014153,0.536429,-1.562290,2.326035
-1.960391,2.203695,-1.147978,2.252949
-1.931623,2.226764,-1.119140,2.281841
-1.959521,2.153876,-1.081327,2.251455
-1.094268,-0.629492,-1.135184,-0.681434
-1.252873,-0.633270,-1.249817,-0.552626
-1.043670,-0.722512,-1.197582,-0.430176
-1.980265,2.480757,-1.607247,2.487209
-2.003830,2.565490,-1.426343,2.421049
-2.112617,0.362115,-0.976432,-0.479253
-1.149292,-0.790242,-1.073898,-0.719939
-1.170745,-0.511886,-2.283801,2.624297
-1.191571,-0.603578,-2.227580,2.714233
-1.163450,-0.685194,-1.136752,-0.686675
-1.113469,-0.580060,-1.492789,0.177114
-1.089315,-0.582322,-1.458223,0.056819
-1.091567,-0.550542,-1.504375,0.081808
-1.126692,-0.537035,-1.561532,0.185209
-1.095494,-0.559910,-1.516662,0.197326
-1.105220,-0.588252,-1.507278,0.226903
-1.113812,-0.529569,-1.516053,0.175006
-1.109535,-0.584535,-1.495384,0.227514
-1.079150,-0.611613,-1.492087,0.171219
-1.110040,-0.551783,-1.508012,0.211724
-1.108355,-0.571573,-1.512413,0.208793
-1.075357,-0.606213,-1.493880,0.224222
-2.105562,2.281303,-2.108583,2.384900
-2.132167,2.247784,-2.061128,2.355549
-2.104043,2.276393,-2.108207,2.395318
-1.096504,-0.797314,-1.121508,-0.708618
-1.128054,-0.728963,-1.047225,-0.808424
-1.141765,-0.730601,-1.012486,-0.758462
-1.155146,-0.783193,-1.126865,-0.656913
-1.025010,-0.825637,-1.004518,-0.811506
-0.981836,-0.797047,-1.073765,-0.825481
-1.085148,-0.661910,-1.150017,-0.603866
-1.094610,2.466734,-1.310613,2.100759
-1.169466,-0.711059,-1.137156,-0.789330
-1.550817,2.310726,-2.634082,1.993825
-1.243650,-0.570612,-1.277934,-0.663794
-1.198723,-0.728268,-1.083551,-0.779451
-1.118567,-0.630015,-1.121893,-0.747282
-1.152862,-0.648188,-1.094612,-0.824105
-1.118687,-0.702482,-1.010665,-0.852926
-0.997850,-0.701310,-1.041432,-0.780480
0.886655,0.856866,-1.149206,2.209416
-2.127509,2.182988,-1.047068,2.547773
0.990727,0.827756,-1.026152,2.164967
-2.255614,2.256285,-1.215420,2.524942
-1.043562,-0.680851,-1.229264,-0.706717
-2.076603,2.111794,-1.677993,2.327618
-1.391935,2.054707,-1.514864,-0.601076
-1.157150,-0.646889,-1.095616,-0.740150
-1.190056,-0.170793,-1.466526,1.479682
-1.034709,-0.744541,-1.102536,-0.714919
-1.395058,-0.281319,-1.642353,2.452716
-0.940393,-0.440538,-0.977233,-0.599285
-1.357112,-0.148366,-1.781283,2.330162
-0.987479,-0.448703,-1.030943,-0.487061
-1.346171,-0.248116,-1.652365,2.499118
-0.966475,-0.407287,-1.012843,-0.562901
-1.369558,-0.262484,-1.703015,2.332262
-0.988784,-0.484370,-1.025926,-0.507204
-1.114031,-0.777456,-1.076536,-0.770205
-1.391576,2.274920,-1.710172,-0.714037
-1.175601,-0.762519,-1.058915,-0.786068
-1.353307,2.281037,-1.717204,-0.681020
-1.094653,-0.478208,-0.886250,-0.559868
-2.515852,1.967435,-0.941607,2.553789
-2.538091,2.044797,-1.002678,2.487216
-2.489165,1.990878,-0.948670,2.403366
-2.478617,2.040951,-1.048243,2.406789
-2.340163,2.612113,-1.623828,2.716731
-1.860349,1.567396,-1.311737,-0.251214
-2.269113,2.364471,-1.902600,2.355465
-1.175264,-0.735159,-0.995460,-0.784153
-1.144158,-0.832354,-1.029806,-0.803859
-1.204055,-1.030434,-0.957945,-0.475745
-1.030850,-0.599988,-1.007469,-0.762325
-2.507755,2.684500,-1.246774,2.476383
-1.250650,-1.100834,-1.287980,0.325973
-1.106399,2.187322,-1.224355,-0.656169
-1.158274,-0.547571,-1.157705,-0.181714
-1.615011,2.179557,-1.521430,2.472808
-1.104050,-0.818631,-1.041135,-0.742360
-1.845497,1.888586,-1.922256,2.215045
-1.160883,2.204561,-1.805138,2.772498
-2.657236,2.725101,-1.837100,2.095947
-2.715744,2.720451,-1.828571,2.049781
-2.299742,2.497233,-1.831306,2.373544
-1.076722,-0.794854,-1.935662,-0.341476
-1.083699,-0.727325,-1.182868,-0.677445
-2.405710,2.200718,-1.346752,2.383851
-1.283864,-0.413715,-1.680143,-0.167920
-1.294477,-0.717517,-1.105690,-0.552952
-1.078460,-0.683752,-1.165394,-0.641443
-1.103051,-0.560003,-1.221435,-0.677663
-1.364096,2.309335,-1.732759,2.105884
-1.023924,-0.743810,-1.246477,-0.480099
-1.651680,0.035421,-1.703207,-2.942981
-1.090622,-0.783635,-1.045151,-0.907105
-2.121266,2.539096,-1.311396,1.830491
-1.148240,-0.666389,-1.313653,-0.514888
-1.412149,2.693252,-1.630973,1.801612
-1.168352,-0.672886,-1.221796,-0.720005
-1.535427,2.588888,-1.524785,1.730102
-0.999739,-0.742696,-1.214561,-0.666730
-1.481399,2.614732,-1.486740,1.651819
-0.901043,-0.667667,-1.181562,-0.469399
-1.775677,2.695330,-2.176048,2.769968
-1.881738,2.072099,-2.129788,2.606620
-1.931135,2.051892,-2.082892,2.711371
-1.092096,-0.765733,-1.073623,-0.662459
-2.335347,2.525837,-1.818888,2.431568
-1.100559,-0.799959,-1.156728,-0.646968
-1.176498,2.299282,0.851328,0.257719
-1.102830,-0.699930,-1.419118,-0.609941
-1.436646,2.432516,1.056133,0.186483
-1.093685,-0.675662,-1.490506,-0.716125
-2.769235,2.934711,-1.103043,2.226905
-1.484033,1.953794,-1.340015,2.652275
-1.144451,-0.684359,-1.091506,-0.864631
-1.060682,-0.874152,-1.152572,-0.561048
-1.593907,2.423676,-2.666985,2.749275
-1.159205,-0.713731,-1.115920,-0.823844
-1.147348,-0.735015,-1.037778,-0.827207
-1.079947,-0.774814,-0.989425,-0.792156
2.833177,-1.025097,-2.565812,2.326561
-1.213190,-0.670164,-1.001754,-0.781850
-1.219983,-0.649333,-1.040344,-0.796384
-1.120859,-0.677676,-1.062505,-0.743126
-1.104981,-0.619933,-1.185427,-0.816524
-1.124812,-0.695301,-0.960887,-0.815915
-1.058264,-0.649196,-1.153036,-0.843923
-1.291333,-0.560792,-1.094640,-0.723422
-1.064697,-0.706264,-1.056135,-0.885476
-1.207416,-0.751953,-1.170585,-0.722715
-1.225908,-0.615924,-1.118916,-0.697291
-1.224706,-0.763921,-1.040666,-0.661767
-1.027745,-0.745953,-1.017611,-0.777503
-2.207121,2.050174,-1.571275,2.458852
-1.560263,2.146000,-1.679018,1.501680
-1.207427,-0.694804,-1.145982,-0.715336
-1.118885,-0.365482,-1.083012,-0.562644
-1.083867,-0.917981,-1.037064,-0.770621
-1.213738,-0.673596,-1.174046,-0.725188
-1.027608,-0.797786,-1.173058,-0.661706
-1.015767,-0.619595,-1.301201,-0.292059
-0.923343,-0.855154,-1.151254,-0.641650
-1.041069,-0.458822,-1.390463,-0.213195
-1.146463,-0.767529,-1.125800,-0.676752
-1.072530,-0.798408,-1.108562,-0.703507
-2.064781,2.581141,-2.522324,2.342378
-1.720837,2.539142,-1.198468,2.789843
-1.166771,2.521506,-2.364153,2.257563
-1.507531,-0.353905,-1.851424,-0.334801
-2.602808,2.270191,-1.714819,2.372134
-1.253324,2.399108,-2.394457,2.258959
-1.465170,-0.450409,-1.821170,-0.259566
-2.583700,2.152898,-1.554819,2.371448
-2.183617,0.397303,-0.972731,-0.458223
-0.938229,-0.912365,-1.248516,-0.716724
-2.039222,1.733494,-1.046916,2.152597
-1.160645,-0.775324,-1.129636,-0.666180
-2.361219,2.585017,-1.850833,2.269469
-1.173817,-0.577376,-1.277724,-0.388532
-1.135467,-0.786606,-1.105662,-0.597557
-1.185272,-0.760404,-1.111377,-0.586688
-1.190837,-0.721312,-1.113319,-0.552698
-1.109802,-0.313656,-1.792360,0.096349
-1.691379,-0.341106,-1.513145,0.980886
-1.066599,-0.783315,-1.204224,-0.641210
-1.542255,1.835721,-0.895406,2.143468
-1.252308,-0.193375,-1.782910,0.032298
-1.612751,-0.373985,-1.489353,1.059442
-1.175206,-0.753525,-1.262836,-0.554000
-1.570329,1.843284,-0.909097,2.110660
-1.156265,-0.701525,-1.192102,-0.577134
-1.253144,-0.165224,-1.807502,-0.774558
-2.384276,2.381850,-1.855642,1.909319
-2.385228,2.336414,-1.842273,1.891028
-1.451866,1.207022,-1.785889,1.977576
-1.053258,-0.784730,-1.107280,-0.765262
-0.954849,-0.601795,-1.623986,0.030290
-2.019404,2.037327,-2.001922,2.875706
-1.310944,-0.062782,-2.241296,2.565901
-1.108080,-0.757223,-1.036464,-0.625055
-1.131169,-0.584049,-1.430322,-0.022785
-1.084855,-0.730238,-1.020328,-0.977391
-0.991399,-0.880682,-0.928034,-1.000835
-2.478516,2.769362,-1.295112,2.424459
-2.225778,2.752787,-1.007716,2.578655
-0.998170,-0.853275,-1.079471,-0.905699
-1.011306,-0.870645,-1.056996,-0.909823
-1.164640,-0.748697,-1.081567,-0.565793
-2.072353,2.311181,-1.969220,2.437401
-1.173507,-0.618818,-1.196263,-0.324789
-1.138233,-0.640050,-1.653567,-0.082835
0.830459,0.818252,-1.101847,2.464082
-1.173332,-0.690299,-1.113731,-0.698880
-1.128251,-0.774757,-1.098610,-0.723394
-1.223262,-0.300837,-1.170323,-0.253471
-1.093340,-0.354393,-1.833677,0.277031
-1.192092,-0.504255,-1.772192,0.442822
-1.111949,-0.593164,-1.608725,0.273476
-1.263769,-0.485994,-1.712471,0.530490
-1.133309,-0.475866,-1.765396,0.312025
-1.249717,-0.485699,-1.770542,0.572876
-1.148220,-0.385831,-1.843214,0.428089
-1.229427,-0.426475,-1.777968,0.538407
-1.004887,-0.504023,-1.703746,0.155744
-1.434190,-0.379649,-1.841394,0.640426
-1.033928,-0.539718,-1.640217,0.282455
-1.244516,-0.429597,-1.890364,0.691354
-1.199045,-0.339043,-1.832630,0.265179
-1.298053,-0.448615,-1.753779,0.452055
-1.078057,-0.528385,-1.730784,0.283010
-1.201447,-0.504523,-1.729942,0.538836
-1.483493,-0.098929,-1.926927,-0.643806
-1.670052,-0.018792,-1.270775,2.310369
-1.084577,-0.533513,-1.508194,-0.041294
-1.556199,-0.263077,-1.655791,-0.643867
-1.407432,-0.354884,-1.635035,-0.637331
-1.115736,-0.792500,-1.163254,-0.652188
-1.129403,-0.688937,-1.157484,-0.638537
-1.169656,-0.571789,-1.131794,-0.771361
-1.138255,-0.748013,-1.092943,-0.661755
-1.375811,2.302582,-1.892968,2.067944
-1.521761,-0.153073,-1.270774,2.541091
-2.119445,2.133603,-2.035401,2.681919
-2.150686,1.935429,-1.428069,2.577055
-1.129706,2.747881,-1.091162,2.491968
-1.488088,1.981195,-1.538584,-0.718291
-1.083325,-0.773324,-0.997640,-0.855455
-1.212190,-0.243093,-1.777038,0.015879
-1.763738,0.231201,-2.114382,0.243378
-1.665122,0.037525,-1.938962,0.178317
-1.223743,-0.245375,-1.823276,0.145692
-1.709172,2.628699,-0.990042,-0.700016
-1.059213,-0.738371,-1.184341,-0.688228
0.815481,0.764869,-1.931794,2.204890
-1.305793,-0.098861,-1.796367,-0.015020
-2.519900,2.957278,-1.393406,-0.511058
-2.463965,2.877451,-1.536011,-0.186505
-2.434504,2.955832,-1.265565,-0.653528
-1.279283,2.419017,-2.307355,1.814265
-1.450422,1.778872,-1.365687,-0.148427
-1.088279,-0.755895,-1.115338,-0.668368
-1.088300,-0.747198,-1.122587,-0.666448
-2.093477,0.517160,-1.320100,2.577179
-2.323318,2.310734,-1.958112,2.110701
-1.133129,-0.359772,-1.370951,-0.087047
-1.172301,-0.469953,-1.424501,0.000142
-1.204244,-0.396694,-1.428949,-0.102640
-1.660298,1.936567,-2.212963,2.752466
-1.292525,1.770143,-1.903652,2.734288
-1.386199,1.871798,-1.836693,2.821506
-1.337233,1.701490,-1.922578,2.772385
-1.610788,1.966500,-1.916877,2.852356
-2.116685,1.914013,-2.236267,2.883842
-1.453535,1.807659,-1.992764,2.967085
-1.569353,2.041109,-2.202876,2.699867
-1.007422,-0.863618,-1.098681,-0.749842
-2.145977,2.296388,-1.831507,2.109690
-1.013756,-0.841567,-1.243355,-0.634873
-1.195398,-0.753481,-1.078330,-0.686632
-2.738157,2.769913,-1.853827,2.188556
-1.139904,-0.351023,-1.091327,-0.454421
-1.192818,-0.811784,-0.990842,-0.782365
-1.082832,-0.845695,-1.132012,-0.502572
-1.685328,-0.638933,-1.584168,-0.887152
-1.074254,-0.859735,-1.002185,-0.938829
0.988611,0.689182,-1.633473,-0.253718
-1.132399,-0.750262,-1.071926,-0.727223
1.030736,0.686911,-1.110429,2.706703
-1.110485,-0.702841,-1.193149,-0.629971
-0.938757,-0.780469,-1.491932,-0.081263
-1.084279,-0.845157,-0.990389,-0.759532
-1.098010,-0.331494,-1.233881,-0.295272
-1.051774,-0.795532,-1.079193,-0.653912
-1.150716,-0.315693,-1.334124,-0.270792
-1.063629,-0.721546,-1.149162,-0.601776
-1.049533,-0.767633,-1.131647,-0.607596
-1.123998,-0.776953,-1.080049,-0.678913
-1.141220,-0.621806,-1.174496,-0.827389
0.859677,0.704952,-1.283822,2.748946
-1.130786,-0.890586,-1.027286,-0.668332
-1.740768,2.383396,-2.140120,2.174443
-1.640463,2.163613,-1.546519,2.121437
-1.667577,2.347002,-2.137753,2.072688
-1.710360,2.112662,-1.485792,2.067995
-2.378441,2.131641,-1.265648,2.583735
-1.357426,-0.165258,-1.416791,2.643599
-1.124302,-0.821088,-1.441561,-0.627816
0.909172,0.927858,-2.078412,1.733859
-1.164120,-0.263654,-1.754199,0.127447
-1.086744,-0.490444,-1.467994,0.051010
-1.213460,-0.444886,-1.553324,-0.027611
-1.385023,-0.341892,-1.566473,0.009627
-1.096135,-0.417453,-1.055789,-0.488128
-1.162551,-0.327497,-1.074649,-0.544254
-1.224144,-0.644066,-1.086175,-0.672014
-2.537314,2.722782,-2.214944,2.539340
-1.124613,-0.666268,-1.135868,-0.815892
-1.120715,-0.660868,-1.258481,-0.739094
-1.026054,-0.821590,-1.073793,-0.757747
-1.288055,-0.736827,-1.200435,-0.673178
-1.028781,-0.813944,-1.033279,-0.783276
-1.086039,-0.778282,-1.074361,-0.773915
0.871321,0.937281,-0.907945,2.278336
1.067739,0.658905,-1.524656,1.053828
1.012581,0.734329,-1.584589,1.087162
-1.416657,2.219740,-1.594817,-0.757040
-1.341647,2.261113,-1.824663,-0.750991
-1.795966,2.279653,-1.616433,-0.567567
-1.088690,-0.765715,-1.203771,-0.792935
-1.547718,2.033012,-1.782011,2.373826
-1.449432,-0.282849,-1.977595,-0.517339
1.061093,1.133271,-2.332283,2.651356
-1.078016,-0.382404,-1.597832,-0.206872
-1.861675,1.930096,-2.455201,2.310626
-1.824329,3.046290,-2.092617,1.271534
-1.136378,-0.771872,-0.991795,-0.736309
-1.097248,-0.778212,-1.000833,-0.798836
-1.089491,-0.687765,-1.073094,-0.766382
-1.136800,-0.799930,-1.051539,-0.715321
-1.907468,0.278900,-1.867770,2.638812
-1.603542,2.448682,-2.395098,2.237023
-1.199888,-0.664502,-1.228526,-0.666634
0.839508,1.380626,-0.867678,-0.641000
-1.011971,-0.842022,-1.069745,-0.717075
-1.442749,2.777617,-1.378435,1.888960
-1.366593,2.786429,-1.279713,1.915711
-2.685827,2.403616,-1.968171,2.394863
-1.120597,-0.722113,-1.062857,-0.807003
-1.254326,-0.743609,-1.171649,-0.763194
-0.956791,-0.875445,-0.999366,-0.795525
-1.107745,-0.721736,-1.116907,-0.816471
-1.661157,1.852594,-1.539349,2.138838
-2.458524,2.566909,-1.944347,1.755891
-2.161175,2.556107,-1.598566,2.173678
-1.542683,2.072092,-2.113680,2.822647
-1.907974,2.198311,-1.874022,2.332050
-2.539082,2.687383,-1.972507,1.763427
-2.131260,2.572464,-1.537044,2.185248
-1.447400,2.026316,-2.060792,2.885773
-1.844015,2.113781,-1.794697,2.312464
-2.424658,2.713577,-1.924671,1.716482
-2.161707,2.570635,-1.591754,2.100533
-1.536079,2.138508,-2.203931,2.893930
-1.882013,2.227353,-1.866576,2.284207
-1.169385,-0.713148,-1.098355,-0.759175
-1.171650,-0.674345,-1.160894,-0.723748
-2.590908,2.703217,-1.630586,1.985984
-1.799620,-0.193452,-1.066515,2.482002
-1.173345,-0.649613,-0.963220,-0.847110
-1.434467,2.254442,-1.708420,2.627579
-1.201690,-0.231214,-1.470509,-0.509849
-1.642718,-0.175383,-1.000853,-0.899268
-1.157830,-0.815903,-1.109032,-0.657206
-1.149890,-0.693094,-1.136490,-0.778691
-1.086642,-0.623916,-1.217652,-0.666456
-1.797233,-0.303809,-1.034467,-0.898780
-1.126883,-0.852358,-1.109420,-0.656887
-1.131671,-0.663924,-1.211111,-0.738165
-2.556122,2.260740,-2.514336,2.594965
-1.170722,-0.656128,-1.078933,-0.610237
-1.555833,-0.173238,-1.851187,-0.077134
-1.269896,-0.593417,-1.111718,-0.652567
-1.121735,-0.768968,-1.033859,-0.576694
-1.924876,2.243826,-2.026321,2.557763
-1.312809,-0.109748,-1.556373,1.472127
-1.578735,0.075589,-1.105524,-0.496022
-1.251475,-0.557097,-0.931970,2.082106
-1.585461,0.072420,-0.981651,-0.576635
-1.615517,2.311998,-1.554074,2.605812
-1.945703,2.208885,-1.313507,2.878155
-1.315424,2.436462,-2.365530,2.397833
-1.347334,2.445140,-2.328350,2.453370
-1.366096,2.379140,-2.328670,2.393093
-1.166008,-0.690093,-1.185656,-0.507113
-1.198393,-0.696307,-1.056833,-0.595163
-1.256062,-0.575830,-1.062300,-0.684730
-2.421113,2.667289,-2.136234,2.147496
-1.015868,-0.823479,-1.084488,-0.805926
-1.705747,0.419153,-2.031442,1.702898
-1.171890,-0.704338,-1.113216,-0.802226
-1.029479,-0.919089,-1.032029,-0.774243
-1.185117,2.042634,-1.514430,2.641379
-2.161805,2.146424,-1.658842,2.432431
-1.261508,2.671389,-1.182474,2.755977
-1.181504,-0.645670,-1.133347,-0.768587
-1.237496,-0.582400,-1.131244,-0.621176
-1.090483,-0.662623,-1.034666,-0.914499
-1.009186,-0.847828,-0.982762,-0.844497
-1.150184,-0.653250,-1.144432,-0.842790
-1.186889,-0.694852,-1.089832,-0.801238
-1.129796,-0.727309,-1.096869,-0.773328
-1.167303,-0.728629,-1.077240,-0.808279
