-1.130063,-0.579646,-1.168514,-0.764785
-1.112309,-0.680139,-1.194207,-0.542203
-1.136849,-0.419422,-1.386416,-0.330412
-2.833535,2.787910,-0.938434,-0.826652
-2.432622,2.536389,-2.556711,2.206344
-1.159978,-0.763383,-1.143970,-0.754611
-0.971880,-0.807088,-0.951975,-0.814736
-1.061066,-0.803581,-2.384280,2.488817
-1.009361,-0.688684,-2.528858,2.631985
-2.619633,2.706849,-2.546926,2.401802
-2.514167,2.749905,-2.474878,2.410619
-2.586592,2.742544,-2.465751,2.496421
-1.435145,2.926923,-1.025494,-0.773886
-2.496357,2.135299,-1.624750,0.250703
-2.544115,2.136931,-1.646012,0.272537
-2.510355,2.157191,-1.697925,0.375354
-2.578625,2.149088,-1.700565,0.324147
-1.155004,-0.614323,-1.090525,-0.634528
-1.106374,-0.620309,-1.229948,-0.791084
-1.051181,-0.715131,-1.076980,-0.691074
-1.228838,-0.681753,-1.087078,-0.697710
-0.985508,2.518147,-1.082277,-0.578843
-1.165335,2.729574,-0.906000,-0.856398
-1.319815,-0.079063,-1.877671,0.099395
-2.278294,2.890560,-1.607369,2.471598
-2.592709,2.717383,-2.541072,2.374535
-0.876287,-1.208813,-1.261897,-0.704855
-1.386245,-0.144421,-1.272527,2.682638
-2.056171,2.257539,-1.378132,2.314689
-0.971667,-0.788629,-1.079489,-0.722763
-1.271974,2.848896,-1.225666,-0.454724
-2.334855,1.907049,-2.251311,-2.769528
-1.378183,2.668002,-0.996937,-0.643965
-2.379571,1.847124,-2.232191,-2.695720
-1.143793,2.654746,-2.645619,0.876801
-1.228495,2.718880,-0.812540,2.334317
-1.973027,1.384765,-1.629564,-0.327146
-2.084318,1.597565,-1.805411,-0.149324
-1.051354,-0.678172,-1.099548,-0.626016
-1.444687,-0.034996,-0.955906,-0.733708
-1.170647,-0.543449,-1.199939,-0.583854
-1.760838,2.648681,-1.483378,-0.014348
-1.296782,-0.385002,-1.138434,-0.084178
-2.895638,2.583986,-2.300920,2.060964
-2.274788,3.014630,-1.217948,-0.598933
-1.737541,-0.075501,-1.784221,2.855990
-2.460184,2.917509,-2.598797,2.722126
-1.115290,2.744784,-1.115784,-0.651651
-1.839244,2.661735,-1.009212,-0.637883
-1.631567,-0.031790,-1.194091,2.542965
-1.237229,-0.239983,-1.158243,-0.350420
-1.320928,2.488016,-1.512328,2.743780
-1.593572,2.918816,-1.651367,0.118010
-2.369289,2.560615,-1.223597,-0.331004
-1.079796,-0.467907,-1.273800,1.731962
-1.089479,-0.468471,-1.272712,1.731928
-1.018112,-0.710135,-1.155050,-0.587511
-1.202689,2.958585,-1.071900,-0.662631
-1.174082,-0.563221,-1.253245,-0.688077
-1.049726,-0.744715,-1.193316,-0.699767
-1.247450,2.769998,-0.979016,-0.502365
-1.212797,-0.596312,-1.101795,-0.658256
-2.560394,-2.910272,-1.631175,2.434052
-1.196198,-0.533265,-1.123427,-0.708235
-1.315561,-0.134585,-1.695065,-0.007216
-1.828471,2.907197,-2.767428,2.586210
-2.182663,1.843570,-0.817353,2.332346
-1.107854,-0.486479,-1.823057,0.097216
-1.068768,-0.752793,-1.122555,-0.631366
-1.114043,-0.725407,-1.023822,-0.703556
-1.042683,-0.616303,-1.470753,-0.035524
-1.531886,-0.953909,-1.928310,1.482106
-2.050171,2.786805,-1.556919,-0.152306
-1.671160,-0.204108,-0.920499,-0.873296
-0.938606,-0.687716,-1.522105,0.005319
-1.443218,-1.002713,-1.843255,1.596851
-2.317434,2.654710,-1.392058,-0.173356
-1.054691,-0.835717,-1.082802,-0.685499
-2.447592,-1.230870,-1.080578,-0.586038
-2.165041,-0.483304,-1.082004,-0.584983
-1.079664,-0.538072,-1.144536,-0.472060
-1.017018,2.561316,-1.103760,-0.541185
-0.852351,-0.875861,-1.077821,-0.686804
-1.153194,-0.541315,-1.156435,-0.792034
-0.941876,2.296513,-1.220880,-0.412556
-0.921900,-0.800563,-1.187201,-0.588171
-1.187527,-0.559292,-1.084583,-0.815156
-1.005785,-0.615740,-1.167028,-0.453891
-1.046629,-0.952121,-1.025138,-0.806738
-1.069847,-0.755975,-1.210538,-0.260022
-0.971564,-0.998516,-0.952375,-1.026348
-1.348796,1.150112,-1.164080,-0.830663
-1.256534,-0.478006,-1.273291,-0.731638
-1.509555,1.304361,-1.298246,-0.849894
-1.285305,-0.549268,-1.307345,-0.670595
-1.210245,2.320977,-0.800072,-0.609938
-2.465200,2.582958,-2.159968,2.254238
0.745964,-2.538205,-1.266303,-0.770334
-2.820698,2.798176,-1.074967,-0.716444
-1.505069,-0.278686,-1.082781,2.477416
1.003496,0.622052,-0.938802,2.068925
-1.122335,-0.776096,-1.109932,-0.862997
-1.064464,-0.553561,-0.973542,-0.576809
-1.122650,-0.223658,-1.063208,-0.472921
-1.642986,-0.147541,-1.084978,2.730192
-1.345001,-0.721525,-1.246170,-0.455717
-1.158103,-0.672370,-1.140924,-0.649158
-1.063705,-0.751009,-1.062792,-0.764069
-1.207605,-0.509036,-1.175120,-0.412588
-1.681967,2.911436,-0.997432,-0.804204
-0.994513,-0.519852,-1.296152,-0.336379
-1.091625,-0.772068,-1.054636,-0.781661
-1.522372,2.610152,-1.290084,2.646801
-1.439904,-0.277373,-1.084740,2.556272
-2.255419,0.726253,-0.871565,-0.926020
-2.427499,2.516462,-2.639692,2.616825
-1.425895,-0.155437,-1.188294,2.567630
-2.249812,0.899781,-0.880716,-0.768992
-2.430840,2.518847,-2.669417,2.554810
-1.153508,-0.702348,-1.101335,-0.743597
-1.579219,2.345412,-2.614882,3.061502
-2.476904,2.681616,-1.051925,-0.628746
-1.042764,-0.806225,-1.100052,-0.575952
-1.011712,-0.771561,-1.085690,-0.718609
-1.007852,-0.730749,-1.090049,-0.695731
-1.239482,-0.439678,-1.203094,2.591786
-1.548136,2.575539,-1.474143,2.588445
-1.471110,2.881870,-0.994085,-0.348150
-1.365363,-0.340155,-1.410174,-0.404615
-1.046519,-0.814824,-1.166061,-0.830075
-1.045344,-0.741938,-1.203477,-0.762915
-1.721889,0.438107,-0.793737,-0.717283
-1.578919,0.038747,-1.114491,-0.347255
-1.236767,-0.165826,-2.493272,2.656067
-1.706625,0.123835,-1.155973,-0.342208
-1.427340,-0.477938,-2.279059,2.856710
-2.641129,-2.937105,-1.618995,2.508967
-1.437309,2.767956,-1.490308,2.501957
-2.478703,2.797792,-1.334428,2.522269
-1.705024,2.774317,-1.055916,2.522075
-1.183453,-0.551673,-1.344639,-0.551692
-1.018290,-0.427008,-1.225601,-0.130652
-1.416496,-0.115946,-1.489102,0.052347
-2.326999,2.299182,-1.196905,-0.512281
-1.389514,0.081433,-1.159712,2.585710
-1.054909,-0.655289,-1.122178,-0.585144
-1.073709,-0.600867,-1.075590,-0.777616
-1.855272,0.008171,-0.921937,-0.862216
-1.233560,-0.406764,-1.514736,-0.786724
-1.066769,-0.637350,-1.100347,-0.679699
-1.894065,0.062460,-0.907770,-0.923168
-2.044295,2.687295,-2.897792,2.651327
1.192812,-0.898696,-2.927342,2.693563
-1.319917,3.028554,-1.023807,-0.550140
-2.586948,2.974226,-2.215983,0.412134
-1.056820,-0.579656,-1.243993,-0.734415
-2.798225,2.852442,-2.792593,2.774576
-1.359170,3.002130,-0.942862,-0.726608
-0.987691,-0.855257,-1.094560,-0.748043
-1.125040,-0.729956,-1.045120,-0.661531
-1.097710,-0.302504,-0.984427,-0.585250
-1.970757,0.420270,1.236782,-2.507226
-1.205727,-0.623706,-1.164554,-0.716960
-1.267215,-0.666713,-1.079636,-0.712561
-1.585039,-0.281520,-2.721943,2.500182
-2.372821,2.567349,-0.958507,2.476422
-1.406063,2.289570,-1.319238,-0.271919
-2.391015,2.457055,-2.307566,2.768530
1.338446,0.082065,-1.549983,2.936865
-1.162034,-0.369341,-1.309478,-0.423644
-1.157007,-0.675925,-1.341326,-0.284523
-1.968270,-0.023406,-2.764876,2.909284
-1.536732,-0.326659,-2.851617,2.998330
-1.823825,-0.070625,-2.757091,2.916451
-1.125836,-0.594100,-1.862490,2.931685
-1.079026,-0.561754,-1.138061,-0.694688
-1.029702,-0.505104,-1.052915,-0.588688
-1.107244,-0.655018,-1.115707,-0.622175
-1.120775,-0.582614,-0.927923,-0.385711
-1.281577,-0.239591,-1.382567,-0.095726
-1.083692,-0.646699,-1.350372,-0.763499
-1.070091,-0.643754,-1.142552,-0.614566
-0.989194,-0.616416,-1.126360,-0.549942
-2.374454,2.346453,-2.314592,2.834536
-1.447217,-3.134081,-1.592700,2.643863
-1.635102,0.095123,-1.551893,1.147648
-1.011472,-0.377023,-1.106845,-0.730296
-2.578321,2.814441,-1.512020,1.516420
-2.393120,2.395126,-2.409010,2.705538
-1.438579,3.107526,-1.477123,2.637647
-1.628559,0.032367,-1.418444,1.103812
-0.959275,-0.420033,-1.018383,-0.787376
-2.571427,2.779044,-1.521280,1.493339
-2.430286,2.338477,-2.345890,2.843350
-1.408576,3.038440,-1.399768,2.544445
-1.647444,0.168191,-1.529893,1.131376
-0.796033,-0.608093,-1.037591,-0.775966
-2.552100,2.825130,-1.627226,1.466655
-2.426254,2.383180,-2.373453,2.815357
-1.426778,-3.131650,-1.597082,2.657360
-1.664534,0.039076,-1.437368,1.216675
-0.980359,-0.372032,-1.105684,-0.770071
-2.584639,2.851641,-1.509777,1.368499
-1.153461,-0.808596,-1.058333,-0.742362
-1.024444,-0.735759,-1.115153,-0.673262
-1.858783,0.094398,-1.325457,-3.115510
-1.596253,0.197859,-0.997827,-0.984591
-1.930399,2.242679,-1.508350,1.831924
-2.610547,2.499537,-1.397370,-0.106178
-2.874330,3.073696,-1.102890,-0.660030
-2.352733,2.878559,-2.411415,2.742436
-1.095099,-0.650120,-1.200737,-0.730657
-1.157673,-0.693035,-1.021489,-0.688653
-2.432691,2.385158,-2.225803,2.301502
-1.282460,-0.177526,0.747316,1.146542
-1.230993,-0.682982,-1.192817,-0.566675
-2.582685,2.338814,-2.053985,2.287575
-1.433970,0.007099,0.602524,1.224887
-1.115771,-0.359653,-1.741858,0.068571
-2.968036,-3.071151,-2.728911,2.261917
-1.094174,-0.373771,-1.783649,0.201913
-2.918155,-3.037502,-2.791922,2.186198
-1.336444,-0.315457,-1.313980,-0.663658
-1.293435,-0.335308,-1.273227,-0.698001
-1.316804,-0.270887,-1.311204,-0.684947
-1.314158,-0.381025,-1.240093,-0.722675
-1.809476,0.225427,-1.082842,2.583625
-1.156326,-0.734399,-1.204452,-0.633491
-2.579253,2.366130,-1.109942,-0.402765
1.276490,0.162435,-1.128859,2.561603
-2.140686,0.586293,-1.087423,-0.495940
-2.221373,0.768453,-0.985505,-0.403557
-1.926044,0.448238,-0.853102,-0.805585
-2.241914,0.723392,-1.040919,-0.238519
-1.844043,0.445643,-0.910168,-0.718045
-2.250708,0.730855,-1.007901,-0.275663
-1.924656,0.570059,-0.968524,-0.764224
-2.275353,0.678437,-1.001492,-0.345362
-1.722635,2.767030,-0.818576,-0.547732
-1.804318,2.773477,-0.763439,-0.529889
2.993610,2.970436,-1.410576,2.929934
-0.998376,2.474161,-1.895874,0.101641
-1.055598,-0.373903,-1.681950,-0.047472
-1.167959,2.898982,-0.995178,-0.807401
-2.774006,2.900363,-1.050440,-0.731455
-2.955583,2.924893,-1.083229,-0.673747
-1.553840,1.908518,-1.189655,-0.979733
-1.297250,-0.109620,-1.694157,-0.151653
-1.603665,2.008090,-1.338376,-0.687210
-1.267475,-0.173086,-1.713024,-0.227648
-1.613047,1.935242,-1.307043,-0.597592
-1.326443,-0.174977,-1.632889,-0.161238
-1.142303,-0.755688,-1.102633,-0.806980
-1.519853,2.893487,-1.368198,2.570113
-1.067494,-0.440563,-1.424768,0.087980
-1.538453,2.945557,-1.433795,2.583185
-1.151752,-0.329829,-1.518089,-0.051014
-1.177561,2.957153,-1.449556,2.587877
-1.250421,-0.177868,-1.665794,0.096382
-1.196466,2.976484,-1.447190,2.579424
-1.163040,-0.323210,-1.503076,-0.005014
-0.789099,-0.882966,-1.039228,-0.544196
-1.353444,-0.571200,-1.496672,-0.622964
-1.021255,-0.462993,-1.842975,-0.141687
-1.207954,-0.629150,-1.282487,-0.729447
-1.368322,-0.291947,-2.853694,2.679284
-2.519261,2.717614,-2.705609,0.355681
-1.247873,-1.212302,-2.718897,3.068276
-2.437123,3.003516,-2.711379,2.985710
-1.012853,-0.793576,-1.040105,-0.805365
-0.961736,-0.873560,-0.910181,-0.856829
-0.982176,-0.850366,-0.983983,-0.779792
-0.981328,-0.796097,-1.001447,-0.831340
-1.294424,-0.848448,-1.064211,-0.769892
-1.058647,-0.604499,-1.351130,-0.484857
-1.723409,-0.312843,-2.887897,2.920997
-1.149220,-0.830454,-1.054217,-0.823469
-1.052207,-0.605401,-1.411410,-0.506619
-1.641123,-0.262850,-2.976520,2.771248
-2.008255,2.957645,-0.954376,-0.583469
-2.260565,2.010233,-1.132072,-0.531987
-2.681857,2.613053,-1.019285,-0.276755
-2.777195,2.719228,-1.123397,-0.287982
-2.392917,2.979816,-2.359049,2.447821
-2.597644,2.860240,-2.770899,2.749904
-1.213457,-0.637272,-1.122441,-0.630942
-1.045720,-0.671538,-1.223501,-0.338238
-1.094729,-0.788170,-1.097628,-0.651089
-1.308785,2.446951,-1.558404,-0.504538
-1.026347,-0.764571,-1.158067,-0.704718
-1.059926,-0.684081,-1.054856,-0.778898
-1.229810,1.980291,-1.275379,-0.436414
-2.049202,2.580079,-2.073656,2.683754
-2.743083,2.671254,-2.419850,2.239399
-2.085431,2.552266,-2.041719,2.636650
-2.710642,2.658150,-2.476461,2.108180
-1.018754,-0.733692,-1.115948,-0.486117
-1.677537,2.750994,-1.015962,-0.626946
-1.204588,2.961524,-0.933405,-0.607724
-2.029412,2.768982,-2.208534,2.223342
-2.301058,1.122940,-1.072976,2.413833
-2.338099,-3.015957,-2.693754,2.883569
-1.977355,2.838863,-2.284485,2.297159
-2.413258,1.127172,-1.101212,2.534101
-2.142940,-2.927114,-2.709528,2.817009
-2.084752,2.866495,-2.360540,2.198898
-2.261562,1.113955,-1.036982,2.314893
-2.387611,-3.037460,-2.678572,2.886527
-2.049936,2.804175,-2.326413,2.255852
-2.423893,1.083679,-1.038288,2.477011
-2.346341,-2.967797,-2.652045,2.623073
-1.420853,2.956141,-0.980743,-0.752660
-2.745899,3.028030,-1.050332,-0.518290
-2.772390,3.020032,-0.936448,-0.713130
-1.038974,-0.760069,-1.095451,-0.695919
-1.146331,-0.701663,-1.133983,-0.753918
-1.108790,-0.792343,-1.134980,-0.734309
1.160074,-2.740058,-0.961520,2.192432
-2.140085,0.358213,-2.525521,0.752145
-2.897134,3.030209,-2.581382,2.369191
-1.333834,-0.291000,-1.908428,1.854634
-1.854707,0.182389,-1.010187,2.581859
-2.576375,2.139223,-1.108796,-0.704705
-1.072389,-0.863811,-1.033862,-0.737715
-1.382084,0.723351,-2.964808,3.083674
-1.589462,0.876070,3.108806,2.952257
-1.460268,0.743632,-2.940096,2.864302
-1.487205,0.892199,-3.101990,2.965469
-1.096806,-0.561367,-1.158946,-0.906536
-2.734689,2.897333,-2.677756,2.776941
-2.727194,2.958888,-2.691428,2.741442
-2.751742,2.898806,-2.656992,2.788970
-2.724702,2.951160,-2.714420,2.723328
-2.478683,-2.877917,-2.908510,2.744275
-1.885535,2.484512,-0.973091,2.412154
-2.474857,2.818597,-2.910046,2.138267
-2.245934,2.646886,-2.424406,2.324127
-1.085055,2.389028,-2.034775,0.265796
-1.037568,-0.501937,-1.189969,-0.353561
-1.130120,-0.593057,-1.032612,-0.547237
-1.120822,-0.375695,-1.466281,-0.344192
-1.080635,-0.602465,-1.097242,-0.471928
-1.114134,-0.574396,-1.159603,-0.336078
-1.082978,-0.411256,-1.424435,-0.358609
-1.067149,-0.616205,-1.046647,-0.543028
-1.183080,2.653175,-2.515964,1.926076
-2.928070,-2.869004,-1.220027,-0.341828
-1.255214,2.719005,-2.563535,1.887234
-3.039057,-2.900980,-1.188932,-0.358457
-1.125595,2.582802,-2.415962,1.872485
-2.936413,-2.937381,-1.245582,-0.190633
-1.262109,2.752132,-2.553980,1.924175
-2.917843,-2.973469,-1.166158,-0.289376
-1.734212,0.514857,-1.139722,-0.766422
-1.540374,2.792403,-1.046178,-0.811706
-1.054882,-0.718170,-1.130286,-0.672085
-2.128478,-0.203500,-3.046459,2.782462
-1.163177,-0.683490,-1.124298,-0.783028
-1.556620,-0.239609,-1.688241,1.398033
-1.591837,-0.078314,-1.836519,1.620425
-1.246264,2.960109,-1.005756,-0.521937
-0.910060,-0.880442,-1.182510,-0.760850
0.863922,0.923031,-1.077020,-0.689923
-2.585288,2.522294,-1.396864,2.724849
-1.326633,3.030267,-1.060486,-0.680731
-2.011909,0.069139,-1.023488,-0.495638
-1.419580,-0.435189,-2.158516,2.954826
-1.920074,2.307055,-1.822642,2.270859
-1.251951,2.764489,-1.039024,-0.488662
-2.122718,2.676101,-1.923275,2.437814
-2.055648,2.653725,-1.857693,2.432682
-1.082074,-0.901939,-1.074211,-0.719122
-1.094496,-0.877307,-1.040323,-0.723159
-1.051981,-0.793952,-1.096359,-0.712998
-1.760332,1.931154,-1.764309,2.335648
-1.306109,-0.496278,-1.271195,-0.599211
-1.171663,-0.642491,-1.080949,-0.723694
-1.108761,-0.774420,-0.987091,-0.691621
-1.238089,2.673969,0.857673,0.783962
-1.029188,-0.692063,-1.136539,-0.438743
-0.912817,2.842575,-1.278545,-0.566656
-2.641942,2.111713,-2.774054,1.187838
-1.351870,2.772399,-1.209165,2.457068
-2.477266,2.817603,-1.032406,-0.695517
-0.980310,-0.518816,-1.022549,-0.678284
-1.421137,2.929568,-1.044896,-0.756589
-1.001898,-0.516661,-1.163247,-0.496449
-0.817369,-0.984908,-1.111072,-0.875291
-1.009292,-0.527844,-1.059885,-0.649509
-2.614049,-2.898901,-1.616423,2.470925
-1.140992,-0.226826,-1.624845,-0.061295
-2.372646,1.021198,-1.062742,-0.471103
-1.097117,-0.665059,-1.143361,-0.586142
-1.118198,-0.716257,-1.081782,-0.795877
-2.692740,2.799344,-1.773381,2.419256
-1.044254,-0.763894,-1.256286,-0.680919
-1.575008,1.988993,-1.188220,-0.560342
-1.732896,2.832895,-1.735492,1.868856
-1.314337,2.865022,-0.817679,-0.740415
-1.341890,2.796829,-0.832370,-0.719677
-1.160036,-0.581759,-1.172917,-0.643525
-1.038866,-0.764904,-1.051368,-0.786526
-1.979149,-0.242593,-1.023768,-0.712542
-1.086068,-0.760493,-1.113819,-0.696693
-1.178226,-0.797301,-1.124029,-0.830662
-0.889214,-0.891847,-1.126595,-0.644554
-1.155390,-0.879759,-1.267488,-0.553371
-1.121878,-0.370177,-1.092084,-0.490103
-1.215720,-0.197497,-1.016520,-0.529440
-0.899878,-0.927814,-1.127964,-0.634887
-1.234292,-0.857562,-1.299673,-0.505924
-1.120304,-0.407264,-0.978077,-0.627749
-1.195860,-0.218868,-1.018299,-0.550271
-1.081734,-0.885061,-1.146396,-0.815885
-1.117797,-0.908636,-1.003588,-0.608650
-0.931581,-0.844489,-1.088467,-0.757903
-2.110904,2.579474,-1.034058,2.703211
-1.351695,2.213494,-2.788992,2.879458
-2.022605,2.625138,-1.098068,2.794099
-1.405255,2.254146,-2.799660,2.929567
-1.193710,3.036729,-1.269429,2.719784
-2.345224,2.768728,-2.012272,2.480363
-2.265908,2.636596,-2.537245,2.645118
-1.604992,2.897237,-2.112658,2.549853
-2.376803,2.666688,-2.755635,2.849088
-1.580248,-0.107104,-1.198564,2.373161
-2.616509,2.714762,-1.016148,2.280725
-1.095838,-0.732895,-1.189384,-0.607573
-1.352783,2.378064,-1.088065,2.445695
-1.209605,-0.522862,-1.094906,-0.834382
-1.369760,-0.255643,-1.283901,-0.602337
-1.517948,-0.140976,-1.277899,-0.549761
-1.637417,0.046845,-1.353685,2.897366
-1.657764,-0.001175,-1.417428,2.920760
-1.646000,0.047465,-1.370501,2.957682
-2.461670,2.603165,3.126130,3.086628
-1.018781,-0.815738,-1.037892,-0.696307
-1.182849,-0.680316,-1.032968,-0.693472
-2.013712,2.747565,-2.653394,2.583091
-1.147304,2.326833,-1.261344,-0.224258
-2.188081,2.590629,-2.427665,2.626772
-0.927140,-0.709052,-1.165429,-0.639912
-1.604834,3.072870,-1.134378,-0.632692
-2.259422,2.732975,-2.334700,2.511651
-2.695789,2.682990,-2.493341,2.556135
-1.200243,-0.294119,-1.634219,0.147577
-1.578743,2.935131,-1.216422,2.427152
-2.158465,2.928256,-1.118630,-0.739151
-1.064741,-0.701006,-1.150077,-0.770152
-1.221050,-0.673838,-1.119030,-0.646756
-0.938163,-0.778351,-1.029385,-0.691086
-1.441105,2.281181,-1.060997,-0.625311
-1.003826,-0.965162,-1.345263,-0.872837
-1.099080,-0.663157,-1.156027,-0.643867
-1.071583,-0.707434,-1.155748,-0.737376
-1.200498,-0.501410,-1.176825,-0.674925
-1.131422,-0.822627,-0.975319,-0.865850
-0.989689,-0.799683,-1.096624,-0.848598
-1.097570,-0.639960,-1.106950,-0.761421
-1.106567,-0.752091,-1.090082,-0.825482
-0.973780,-0.845387,-1.093933,-0.732926
-1.172000,-0.680443,-1.126201,-0.724254
-1.716350,0.407816,-1.098875,2.480628
-1.524291,-0.057912,-1.385644,2.540380
-1.391113,3.121451,-1.297145,2.278697
-2.419728,2.521054,-1.189199,-0.301335
-1.709598,2.185604,-1.160339,-0.578191
-1.699588,0.017553,-0.943065,-0.841652
-1.479472,2.770018,-1.136302,-1.147259
-1.587202,0.520264,-1.627042,2.636009
-1.477836,0.887452,-1.905067,2.574017
-1.111843,-0.537805,-1.228508,-0.292521
1.001885,-2.144088,-1.002979,-0.447544
-1.084064,-0.808166,-1.080090,-0.832813
-1.063185,-0.693218,-1.199026,-0.714287
-1.493701,1.978316,-1.006898,-0.649900
-2.056054,2.435908,-1.912364,2.393833
-1.035555,-0.378507,-1.137185,-0.256884
-0.939893,-0.716150,-0.977360,-0.093233
-2.803596,2.756140,-1.034989,-0.727283
-1.222148,2.721260,-1.120804,-0.690511
-1.910102,3.034899,-1.310850,2.867565
-1.253919,-0.667725,-1.072759,-0.787687
-1.104089,-0.752531,-1.154520,-0.735129
-1.202923,-0.748968,-1.018366,-0.812301
-1.000401,-0.828708,-1.117093,-0.772712
-1.415695,-3.086013,-1.114226,-0.652422
-1.286936,-3.133870,-1.027479,-0.708906
-1.298440,-0.543039,-1.142503,-0.760755
-1.199899,-0.658369,-1.093431,-0.778125
-1.241322,-0.596961,-1.087343,-0.760480
-1.173558,-0.656421,-1.031572,-0.787287
-1.359104,2.840440,-1.771285,-0.849720
-1.509164,2.901224,-1.047167,2.665972
-0.992483,-0.790067,-1.142755,-0.767477
-1.061338,-0.796899,-1.157279,-0.700936
-1.022407,-0.781719,-1.097859,-0.719560
-2.558727,2.915202,-2.484967,-3.053632
-1.373015,2.938939,-1.054778,-0.677610
-1.162803,2.815395,-1.034113,-0.488606
-1.227259,2.122770,-2.137602,-1.816551
-2.187987,3.061632,-2.905389,2.917895
-1.370870,2.898429,-1.016229,-0.699380
-1.181377,2.812072,-1.036439,-0.458902
-1.267952,2.112672,-2.132228,-1.803994
-2.106514,3.110776,-2.873669,2.890144
-1.741862,-0.173386,-2.932352,2.919468
-1.752859,-0.216125,-2.895087,2.930292
-1.679976,2.047984,-1.089578,2.454588
-1.004255,-0.735394,-1.188004,-0.590993
-1.673756,2.016852,-1.022470,2.407378
-1.062540,-0.699057,-1.229828,-0.676801
-2.864510,2.632575,-1.539910,-0.347590
-1.237198,2.641888,-1.253160,-0.142355
-1.093772,-0.969346,-0.896679,-1.069657
-0.931151,-0.251742,-2.243257,0.008485
-1.199388,-0.146813,-1.472912,-0.185373
-1.059283,-0.325993,-1.285892,-0.295780
-1.077153,-0.396739,-1.483492,0.047917
-2.135617,2.329362,-1.768732,-0.088786
-2.182615,2.576982,-1.926396,2.625907
-1.490835,2.964237,-2.648380,2.579770
-1.473667,2.218554,-1.165075,-0.886010
-1.032566,-0.311518,-1.192316,-0.166220
-1.164822,0.115195,-1.504029,-0.523852
-1.279327,0.284216,-1.938669,-0.128934
-0.985127,-0.203516,-1.287656,-0.243352
-1.046045,-0.719262,-1.099311,-0.710632
-2.403213,3.120283,-1.097948,-0.533530
-2.101912,-0.114079,0.973558,0.589742
-1.202409,-0.790668,-1.085929,-0.707237
-1.215722,-0.643327,0.935320,0.687901
-1.279073,2.844897,-1.032518,-0.664465
-1.144737,2.827971,-2.495952,2.401527
-1.621317,1.686630,-1.471739,2.637754
-1.164956,-0.611787,-1.196734,-0.759290
-1.798777,0.564331,-0.988848,-0.415282
-1.287245,2.794142,-2.467279,2.307718
-1.691030,1.687269,-1.501756,2.642745
-1.125681,-0.609565,-1.175364,-0.771621
-1.790309,0.500142,-0.965330,-0.433051
-1.209107,2.792632,-2.488653,2.397685
-1.579890,1.719478,-1.506865,2.661786
-1.170325,-0.672484,-1.133204,-0.728131
-1.803447,0.508242,-0.987780,-0.491513
-1.231202,2.743973,-2.428874,2.341748
-1.655644,1.713477,-1.503256,2.593177
-1.150571,-0.621489,-1.172274,-0.722668
-1.723774,0.561912,-1.027324,-0.365676
-1.275769,2.844371,-2.539226,2.346498
-1.658498,1.684862,-1.450064,2.663703
-1.150351,-0.640198,-1.146995,-0.692048
-1.737347,0.513230,-0.948339,-0.496324
-1.351817,2.793678,-2.508829,2.396791
-1.643292,1.718578,-1.442198,2.709035
-1.138295,-0.685533,-1.108653,-0.777727
-1.749004,0.487204,-0.920228,-0.477188
-1.258052,2.824996,-2.527067,2.422152
-1.638992,1.697609,-1.445756,2.626548
-1.175355,-0.643959,-1.113111,-0.728923
-1.760353,0.504553,-0.986627,-0.419166
-1.345238,2.736869,-2.403297,2.368876
-1.743045,1.645126,-1.411866,2.559245
-1.154748,-0.638533,-1.217792,-0.675746
-1.676718,0.518976,-1.026627,-0.412687
-1.369223,2.953049,-1.262059,2.621583
-1.322441,2.446334,-1.780796,0.267672
-1.009932,-0.556119,-1.166067,-0.239673
-1.970507,2.658306,-2.633264,2.911417
-2.546402,2.844201,-2.737508,2.619206
-2.446706,2.816211,-1.355520,-0.418990
-1.920386,2.593371,-2.661228,2.854473
-2.334868,2.397807,-2.562118,2.557782
-2.409990,2.825176,-1.335272,-0.409115
-1.128893,-0.277791,-1.579521,-0.175860
-1.183682,-0.333868,-1.564903,-0.298675
-1.127622,-0.801258,-1.026678,-0.804614
-1.185002,2.744724,-1.020309,-0.619483
-2.562259,2.422674,-1.484046,-0.297871
-1.045690,-0.737030,-1.129859,-0.715906
0.969960,0.590198,-2.198556,1.640854
-2.646114,-2.931863,-1.643083,2.372139
-1.674367,2.409731,-1.043871,2.668145
-1.764414,-0.005599,-1.043949,2.631442
-1.078083,-0.702611,-1.071373,-0.773086
-1.403386,2.843646,-2.443023,1.122664
-1.079860,-0.802950,-1.177515,-0.659050
-1.222399,-0.305090,-1.351526,-0.041683
-1.208287,-0.155699,-1.507334,-0.083149
-1.576115,2.377162,-1.361858,-0.237408
-1.400972,-0.003340,-2.491498,1.236801
-2.739568,2.863590,-2.536776,2.398247
-1.424205,-0.046473,-2.379581,1.128860
-2.745417,2.867054,-2.564533,2.468475
-1.403016,-0.104736,-2.354981,1.105188
-2.743513,2.874758,-2.603614,2.435771
-1.448664,0.052845,-2.507289,1.245476
-2.750203,2.847166,-2.610153,2.509928
-1.315506,2.393878,-0.997678,-0.666758
-2.213777,2.334075,-1.167516,-0.422027
-1.802761,2.854383,-0.947877,2.348031
-1.280748,-0.158377,-1.204239,-0.301352
-2.054511,2.004602,-1.296891,2.547686
-2.088128,2.156882,-1.344415,2.553423
-1.770214,2.323637,-1.210187,2.838336
-1.104717,2.841120,-1.097094,-0.681591
-2.259839,2.462195,-1.159649,-0.430091
-1.083899,-0.812451,-1.078999,-0.723691
-0.951994,-0.616197,-1.144573,-0.303030
-2.303747,2.818904,-1.003920,-0.667536
-2.407618,-2.926721,-1.607373,2.470860
-1.219811,2.579705,-1.366534,2.269574
-2.350954,2.787017,-1.179216,2.509047
-1.710250,2.902195,-1.094064,2.319022
-1.414247,-0.595875,-1.193654,-0.767388
-1.232536,-0.571174,-1.290499,-0.693715
-1.238794,-0.645685,-1.206131,-0.679989
-1.215327,-0.679286,-1.051029,-0.699798
-1.200742,2.937765,0.938994,0.738540
-2.122004,-0.024243,-2.889321,2.936498
-1.209791,-0.617159,-1.322529,-0.353143
-1.343448,2.937675,-1.021832,-0.612380
-1.442080,2.976036,-1.168714,-0.532272
-0.991681,2.323761,-1.146849,-0.299994
-0.932728,2.197760,-1.103646,-0.331864
-1.341543,2.968606,-2.202695,3.021624
-1.211869,-0.314188,-1.201098,-0.415438
-2.306269,1.965805,-1.097924,-0.655358
-1.101777,-0.627954,-1.400825,-0.415338
-1.199254,-0.920051,-2.235444,2.286368
-2.579092,2.812902,-2.112302,2.600966
-2.455272,2.475779,-2.667941,2.823843
-1.005268,-0.844912,-0.952071,-0.800444
-1.677687,-0.039984,-1.475630,2.962204
-1.908353,2.608067,-0.911071,2.245713
-2.905270,2.099578,-1.480796,-0.357446
-1.016293,-0.543512,-1.152681,-0.739071
-1.117539,2.727939,-0.994565,-0.674726
-1.242314,2.164301,-1.201941,-0.846046
-1.019228,2.490119,-1.424144,2.743458
-1.023045,2.503419,-1.441314,2.747478
-1.061010,-0.739311,-1.066001,-0.841540
-1.194843,-0.701579,-1.106635,-0.740400
-1.167373,-0.615393,-1.119748,-0.834779
-1.184966,2.551820,-1.054595,-0.691732
-2.916367,2.973167,-1.262972,-0.430230
-0.853474,2.433218,-2.746655,3.118919
-2.028712,0.037454,-2.656078,2.659566
-2.054884,0.002612,-2.643689,2.513427
-2.069265,0.055959,-2.676573,2.513018
-1.994083,0.020740,-2.597860,2.544546
-2.029296,0.003898,-2.696499,2.570680
-2.089078,0.059784,-2.641817,2.450674
-1.993713,0.036347,-2.685861,2.490545
-2.031874,0.094698,-2.717389,2.500808
-1.998269,0.048908,-2.648753,2.498878
-2.090517,-0.006543,-2.609853,2.524534
-2.141541,0.159703,-2.703462,2.442407
-2.091127,-0.011863,-2.680044,2.565871
-1.981551,0.032217,-2.712122,2.560174
-2.053170,-0.003125,-2.681584,2.499868
-2.005567,0.007710,-2.649119,2.527636
-2.104685,0.052047,-2.655783,2.574377
-2.047147,0.021147,-2.645327,2.520666
-2.013004,0.018927,-2.685081,2.521060
-2.115331,-0.021385,-2.591945,2.549647
-2.120611,0.009398,-2.678584,2.584178
-2.104738,-0.028132,-2.634439,2.589281
-2.128292,0.031558,-2.668828,2.526470
-1.034276,-0.747163,-1.241225,-0.610418
-0.896473,-0.769454,-1.076598,-0.641326
-1.524549,3.036377,-1.093040,-0.768924
-1.205713,2.850844,-1.037371,-0.635282
-1.220677,-0.641803,-1.089180,-0.722087
-2.064750,2.105789,0.675601,0.896340
-1.096268,-0.767488,-1.120738,-0.680254
-1.110771,-0.734294,-1.146748,-0.762501
-2.120611,2.098143,0.714242,0.890025
-1.105747,-0.786398,-1.115477,-0.691295
-1.117745,-0.742022,-1.122860,-0.747248
-2.442594,1.429815,0.893991,0.404230
-1.853445,1.145801,-1.388753,0.731314
-1.419048,2.397957,-1.642515,-0.396402
-2.359267,2.441037,-1.792782,2.400016
-1.069736,-0.751320,-0.975179,-0.633708
-1.893929,-0.174712,-0.984554,-0.484334
1.102824,0.424988,-2.477710,2.099940
-2.303520,2.812576,-1.030465,2.471850
-1.395790,2.409083,-1.679014,-0.060728
-1.248413,-0.692941,-1.064664,-0.768417
-1.839572,-1.465684,-1.119209,-0.759171
-1.105138,-0.706407,-1.104815,-0.683806
-0.989195,-0.715401,-1.346385,-0.511484
-1.157137,-0.661124,-1.149090,-0.570593
-1.031649,-0.659321,-1.440060,-0.484581
-1.110426,-0.628680,-1.131925,-0.661412
-0.959506,-0.678528,-1.517466,-0.431791
-1.158572,-0.625530,-1.132882,-0.689603
-1.003587,-0.686382,-1.511573,-0.399028
-1.281612,-0.099360,-1.881077,0.109265
-1.130838,-0.802212,-1.110270,-0.750036
-1.519275,-0.825994,-2.623256,2.879959
-1.133272,2.764427,-1.016983,-0.635254
-2.664275,2.415626,-1.419764,-0.394730
-1.586261,-0.236133,-1.177473,2.192701
-1.644214,-0.090888,-1.034981,2.392367
-1.298621,2.624443,-1.195993,2.587926
-2.411700,2.783431,-2.524614,2.555361
-1.036154,-0.766870,-1.273156,-0.646720
-1.128220,-0.680206,-1.233853,-0.713778
-1.006842,-0.834321,-1.114537,-0.684488
-0.911268,-0.689048,-1.216151,-0.244841
-1.101710,-0.690974,-1.187707,-0.669414
-1.185181,-0.131030,-0.959759,-0.550044
-0.975083,-0.757634,-1.123054,-0.821040
-1.179503,2.608047,-1.081831,-0.610364
-0.991425,-0.674752,-1.009003,-0.873947
-1.035065,-0.527846,-1.355475,-0.244714
-1.147271,-0.149462,-1.559468,-0.153710
-1.287353,3.004427,-1.101044,-0.653300
-1.150156,-0.646764,-1.393043,-0.446276
-1.208734,-0.718812,-1.146877,-0.661054
-2.036060,2.135304,-2.208873,2.636322
-2.379867,2.920544,-2.144288,2.405772
-1.947205,2.892682,-1.074134,-0.789634
-2.395761,2.580212,-1.446130,2.483610
-1.056405,2.335443,-2.424468,2.628907
-0.985373,2.397681,-2.438796,2.581942
-2.354056,2.784669,-1.177960,-0.776782
-1.601301,-0.316438,1.114136,0.498116
-1.068057,-0.703026,-1.160674,-0.704003
-1.036635,-0.574954,-1.305112,-0.521570
-2.264585,2.761340,-2.213136,2.423401
-1.392090,-0.576879,-2.924075,2.634375
-2.786516,3.000564,-1.001746,2.327195
-2.352815,2.672352,-2.625316,1.932505
-1.079686,-0.605970,-1.368589,2.382190
-1.540486,0.007764,-1.130053,2.711738
-2.658693,2.553494,-1.783426,2.460031
-0.963794,2.577142,-1.727507,-0.184651
-2.882440,2.414204,-2.754259,2.686254
-1.604217,0.023104,-1.105290,2.458093
-1.096265,-0.671540,-1.082906,-0.811894
-1.442834,-0.520041,-1.230579,-0.844364
1.017228,0.586698,-1.795620,0.369912
-2.792122,2.613368,-2.644798,2.784946
-2.169446,2.565524,-2.212283,1.924592
-2.841946,2.657844,-2.662757,2.822779
-2.156411,2.564054,-2.252388,1.933659
-2.820372,2.625422,-2.661852,2.773230
-2.097737,2.520092,-2.186149,1.924679
-1.319408,2.366588,-2.527887,2.576168
-1.065684,-0.634985,-1.015275,-0.525999
-1.203246,-0.589130,-1.113089,-0.731714
-1.251657,2.328033,-2.470977,2.567264
-1.004033,-0.786560,-0.942772,-0.395762
-1.087484,-0.702967,-1.057386,-0.785253
-1.146241,-0.629768,-1.405626,-0.915888
-1.085774,-0.696619,-1.311556,-0.981954
-1.037555,-0.599004,-1.426655,-0.803788
-1.019814,-0.701004,-1.339973,-0.852884
-0.940094,-0.338025,-1.747121,-0.030394
-2.672964,-3.058610,-1.861107,0.049055
-2.299538,2.843649,-2.025450,2.306540
-2.429141,2.660555,-2.270070,2.482435
-1.334582,2.602041,-2.738502,2.669540
-1.162602,-0.813028,-1.053739,-0.794713
-1.078456,-0.829913,-1.104728,-0.578439
-1.540144,2.959489,-0.955699,-0.638822
-1.031145,-0.226258,-1.370271,-0.362041
-1.167414,-0.541799,-1.550806,0.263320
-1.175489,-0.703887,-1.169988,-0.681245
-0.993552,-0.417265,-1.302708,-0.308252
-1.010041,-0.430131,-1.203087,-0.389169
-0.994112,-0.513439,-1.409916,-0.047795
-1.139191,-0.759117,-1.137859,-0.699408
-0.940886,-0.400185,-1.239780,-0.349773
-1.040471,-0.765924,-1.049104,-0.767908
-1.138741,-0.112155,-1.721909,-0.185163
-1.144774,-0.697598,-1.158107,-0.737384
-1.152534,2.780816,-1.076746,-0.606815
-1.147995,-0.694926,-1.277013,-0.667875
-1.502509,2.956644,-1.024636,-0.740433
-1.337083,2.888735,-0.996367,-0.749898
-2.531100,2.072511,-2.425630,2.542484
-1.446958,-0.607155,-2.858053,2.703840
-2.916036,3.082574,-1.612300,2.405195
-2.376034,2.827452,-2.063963,1.721708
-2.421118,2.830832,-2.086854,1.780682
-2.400946,2.837268,-2.092736,1.783531
-1.057968,2.225165,-1.405892,-0.349191
-2.157163,-0.076304,-1.081191,-0.614978
-1.047339,-0.464503,-1.099223,-0.409345
-2.542708,3.023197,-1.034008,-0.493584
-1.576728,-0.327543,-2.143107,-0.287847
1.101794,0.665765,-1.021261,2.345234
-2.302368,2.546055,-0.994509,-0.493061
-2.458188,2.994989,-1.087395,-0.462345
-1.732324,-0.166375,-2.177040,-0.398047
1.027357,0.635495,-1.065509,2.274416
-2.229036,2.558906,-1.082892,-0.457688
-1.187296,-0.664327,-1.374947,-0.176434
-1.161250,-0.765306,-1.089989,-0.751527
-1.273663,-0.236256,-1.553465,-0.159601
-1.315851,-0.636649,-1.567217,-0.247868
-1.252260,2.934782,-1.295741,2.216355
-1.187627,-0.765912,-1.062945,-0.649764
0.926326,-2.333469,-0.881470,-0.271811
-2.380936,2.020247,-1.221853,-0.362490
-2.378547,-2.227880,-1.015255,-0.689168
-0.978077,-0.836075,-1.020376,-0.928835
-0.974547,-0.762398,-1.182770,-0.746740
-1.647644,-3.002564,-1.239083,3.026182
-1.277554,-0.271001,-1.147886,2.379753
-2.729254,-1.044073,-1.112207,2.503161
-1.115788,-0.710386,-1.337313,-0.545489
-1.591267,-0.011186,-1.056694,2.565105
-1.393768,-0.153322,-1.228681,-0.462082
-1.443242,-0.367979,-3.049773,2.866048
-0.927761,-0.863675,-1.082541,-0.747666
-1.982927,2.708097,-2.634644,2.827320
-1.404188,2.909938,-1.034498,-0.793215
-1.515568,2.861865,-0.942463,-0.827684
-1.366197,2.934996,-1.064742,-0.756693
-1.468409,2.874210,-1.009319,-0.841840
