-2.310404,3.042427,-1.701631,0.348316
-1.368539,2.776624,-1.212733,-0.351055
-1.911878,2.472171,-1.924099,2.523014
-2.030642,2.707117,-2.060736,2.549047
-2.000126,2.430460,-1.864042,2.448316
-2.164546,2.148220,-1.612197,2.435913
-2.306705,0.232681,-1.329494,2.224757
-1.237669,-0.672123,-1.066004,-0.750000
-2.602680,3.118352,-1.224898,2.114743
-1.918907,-1.133672,-2.255642,0.035126
-1.647027,2.703357,-2.372876,0.319495
-2.534281,3.034028,-1.042075,2.086527
-1.942331,-1.115753,-2.254727,0.010797
-1.810607,2.538492,-2.258241,0.306643
-1.936295,2.361599,-2.241385,1.874057
-1.482013,2.258074,-2.299605,2.323129
-1.094193,-0.714549,-1.050664,-0.999307
-1.087307,-0.685925,-1.077518,-0.993904
-1.913632,2.266426,-1.789888,2.449716
-1.854225,2.183380,-1.877144,2.509673
-2.019147,2.445739,-2.044242,2.289169
-2.114775,2.392313,-1.940043,2.396709
-1.184013,-0.582367,-1.055566,-0.778845
-1.810230,2.315997,-1.543243,-0.367450
-2.201441,-0.201076,1.100188,0.213193
-1.914021,-2.787866,-2.858957,-3.030589
-1.099423,-0.717604,-1.015636,-0.681322
-2.545157,2.251591,-2.800241,2.834816
-2.436254,2.295654,-2.809630,2.760728
-1.394553,2.900084,-0.992684,-0.901091
-1.454104,2.880623,-0.954494,-0.910583
-1.779311,2.006215,-1.635881,2.467619
-1.697439,-0.293303,-1.253248,-0.231436
-2.282537,2.397934,-2.678601,2.854909
-2.427814,2.370005,-2.633513,2.894142
-1.120498,-0.752979,-1.078672,-0.804618
-1.116080,-0.765944,-1.026930,-0.803416
-1.172281,-0.799144,-1.039936,-0.730473
-2.455346,3.021216,-2.586529,2.726559
-1.085815,-0.873206,-1.017265,-0.987142
-2.257590,2.912517,-1.946333,2.316088
-2.443839,2.963457,-2.056595,2.049059
-1.187859,-0.448109,-1.347817,-0.223815
-1.965995,0.100278,-1.281406,2.360600
-2.029665,0.044397,-1.381394,2.257845
-1.857814,1.864448,-1.869366,2.639911
-2.279177,2.259237,-2.379043,1.729716
-2.273599,2.231235,-2.334927,1.831429
-2.403953,1.718137,-1.597458,1.099431
-1.267186,-0.519078,-1.265718,-0.949384
-1.189615,-0.522930,-1.287670,-0.934774
-1.164468,-0.526889,-1.299272,-0.939707
-1.031840,-0.895307,-1.064591,-0.767947
-1.133701,-0.807201,-1.141727,-0.743478
-1.405105,-0.411431,-0.894086,-0.904829
-1.427696,-0.183034,-1.521199,2.472499
-1.346718,-0.297109,-1.308029,2.567496
-1.185570,-0.586229,-1.295861,-0.357607
-1.094056,2.395260,-1.647873,2.399358
-2.543825,-2.972499,-1.922315,2.552320
-2.521345,-2.928165,-1.974187,2.546643
-2.218614,2.324300,-2.153492,2.469074
-1.651290,1.671082,-1.356186,2.276541
-2.036297,2.105278,-1.711895,2.450680
-0.932650,-0.748840,-1.110839,-0.614540
-2.212656,2.022479,-2.245101,2.736127
-2.273716,2.680483,-1.919371,2.325249
-1.172638,-0.776345,-0.997445,-0.747943
-1.054797,-0.791509,-0.987193,-0.663711
-0.999438,-0.778439,-0.975780,-0.819608
-1.100719,-0.689651,-0.999301,-0.845766
-1.126512,-0.776854,-1.022750,-0.908510
-1.969957,2.226135,-2.177777,2.483064
-1.707801,2.225843,-1.640693,2.190052
-1.861960,2.302938,-2.198129,2.405463
-2.254722,2.902195,-2.012137,2.410184
0.901404,0.821781,1.036352,0.701445
-1.664638,2.551186,-1.878217,1.961667
-1.840578,2.369562,-1.785508,1.882087
-2.192641,2.225581,-1.452792,2.386325
-1.976808,2.376546,-1.654395,2.418338
-1.058338,-0.541759,-1.280786,-0.160986
-2.551513,2.835987,-1.503124,2.402595
-1.186379,-0.380397,-1.878626,0.499413
-2.578005,2.568190,-2.389896,2.671209
-1.535304,2.888800,-1.000845,-0.815387
-1.542634,2.230207,-1.469345,2.322203
-1.551035,2.870035,-0.994427,-0.741794
-0.930573,2.261563,-1.801937,1.672124
-2.482066,2.643682,-1.158455,2.347693
-1.645850,2.446116,-2.064680,0.359435
-1.118453,2.862006,-1.008489,-0.804871
-1.220682,-0.539155,-1.204545,-0.732521
-2.349921,2.401404,-1.681699,0.128910
-1.188297,-0.366039,-1.519209,-0.343926
-2.163097,-0.113950,-1.846771,2.860763
-1.209261,-0.339457,-1.531716,-0.355968
-2.219735,-0.128609,-1.823477,2.920050
-2.131651,2.064135,-1.731741,2.249169
-0.715252,-0.779251,-1.644113,-0.093479
-0.723653,-0.813329,-1.623289,-0.064302
-1.045611,-0.921318,-1.273859,-0.591871
-1.034929,-0.847817,-1.040253,-0.695314
-1.026251,-0.643166,-1.049571,-0.344707
-0.952528,-0.632653,-1.069415,-0.415533
-1.091838,-0.718829,-0.974471,-0.798229
-1.796193,2.256775,-1.877190,2.367227
-1.726438,2.280608,-2.190129,2.795556
-1.569801,0.023023,-2.362501,2.801338
-2.044320,2.265414,-2.310926,2.513647
-2.121186,2.564029,-2.781195,2.871747
-1.865007,2.189615,-2.171396,2.810854
-2.041515,2.299356,-1.847985,2.264814
-1.788858,2.358567,-2.256849,2.636588
-1.966192,2.338757,-1.867641,2.220247
-1.907077,2.369181,-2.264960,2.545120
-1.974956,2.340262,-1.891894,2.233940
-1.841664,2.134322,-2.089243,2.674939
-1.998903,2.372250,-1.920189,2.258860
-2.350793,2.878686,-2.355272,2.397860
-2.293931,2.743926,-2.783986,3.059711
-2.027153,2.131559,-1.645618,2.465874
-1.795675,2.770533,-1.484180,1.973734
-1.796258,2.738493,-1.583434,2.093286
-1.792127,2.129712,-1.095309,2.682988
-1.060988,-0.862796,-1.251664,-0.605606
-1.434643,2.851016,-1.016584,-0.692933
-1.309326,-0.539560,-1.090142,-0.844843
-0.725938,-0.750247,-1.117167,-0.561971
-1.936325,2.023113,-1.750034,2.668932
-2.396007,2.376404,-2.804117,2.880984
-1.219863,-0.611493,-0.975299,-0.823749
-1.236336,-0.786434,-0.981230,-0.943242
-1.077815,-0.976958,-1.283576,-0.742877
-1.263355,-0.535751,-1.131962,-0.804666
-1.296616,-0.730839,-0.982459,-1.022704
-1.230437,-0.387162,-1.745102,-0.417061
-2.459159,2.953512,-1.110929,-0.767673
-2.194530,2.750556,-0.903358,-0.758601
-2.271673,2.728929,-0.873684,-0.763709
-1.045410,-0.717678,-1.152854,-0.855346
-1.428695,-0.033589,-1.921556,2.595299
-0.917697,-0.750696,-1.100357,-0.526018
-0.960775,-0.790494,-1.008506,-0.627227
-2.341124,-0.845556,-2.425354,2.864538
-1.934569,2.378685,-1.221587,2.430119
-1.507452,2.321689,-2.327995,2.887793
-1.707606,1.977307,-1.516507,2.473571
-1.071880,-0.638972,-0.982603,-0.758562
-1.391404,-0.140376,-1.096577,2.543329
-1.201960,-0.267295,-1.392037,-0.099394
-1.204440,-0.487060,-1.002853,-0.671792
-2.371971,2.343876,-1.584091,2.190329
-2.150162,0.591669,-0.864311,2.161419
-2.132535,0.642727,-0.775166,2.315567
-2.304608,0.812131,-0.934244,2.302132
-2.126091,0.643264,-0.722463,2.195152
-1.877691,2.119425,-1.529267,2.442121
-1.863255,2.098318,-1.506169,2.477184
-1.663309,2.470931,-2.338560,2.501291
-0.864570,2.406128,-1.855656,-0.250977
-1.851193,2.246882,-2.267460,2.336504
-2.083926,2.278423,-2.133916,2.258013
-2.025438,2.340475,-2.210811,2.243158
-2.171264,2.311598,-2.185176,2.335983
-2.131633,2.232913,-2.121156,2.429814
-2.245072,2.537299,-2.321402,2.573629
-2.248276,2.451130,-2.401118,2.653004
-2.310746,2.758311,-2.385107,2.314805
-1.106098,2.787493,-1.128484,-0.443709
-1.700344,2.080879,-1.980472,2.799498
-2.439521,2.675627,-2.263001,2.495219
-1.989832,2.935244,-0.943014,-0.716013
-1.698567,2.722836,-2.597654,2.857876
-2.321445,2.672014,-1.584411,2.676457
-1.970513,2.798553,-0.986601,-0.962388
1.025496,0.921300,1.050955,0.809579
-2.324314,-3.080145,-1.130970,-0.325356
-2.405862,-2.989297,-1.271483,-0.282657
-2.325971,-2.998487,-1.169682,-0.367386
-2.304370,-2.990448,-1.206410,-0.268958
