-1.053719,-0.451894
-1.112256,-0.418093
-2.181494,-3.051713
1.019667,0.858601
-1.682287,2.618216
-2.080852,2.304320
-1.080838,-0.381065
-2.744166,2.949603
-2.367298,2.959436
-1.799563,2.755048
-1.061385,-0.581198
-1.648565,-0.897970
-0.928115,-0.641718
-2.056605,-0.592402
-1.014370,-0.854001
-1.211554,-0.766861
-1.721759,-0.549355
-1.009870,-0.743682
-0.966385,-0.664353
-1.770624,-0.759098
-1.186730,-0.482367
-1.891011,-0.746911
-0.927278,-0.673540
-1.910376,-0.389065
-1.068772,-0.906904
-1.233603,-0.688821
-1.724019,0.089954
-1.414642,-0.279949
-1.002478,-0.642644
-1.570441,-0.840019
-0.864201,-0.672999
-1.933104,-0.575530
-0.933560,-0.937929
-1.177430,-0.769931
-1.763720,-0.554851
-1.011891,-0.780116
-0.934322,-0.784089
-1.704873,-0.743542
-1.050348,-0.504195
-1.879328,-0.737415
-0.858652,-0.711585
-1.942450,-0.418876
-1.039978,-0.927888
-1.173226,-0.757959
-0.869753,-0.925854
-1.615003,-0.479118
-2.080894,2.217388
-1.178130,2.141401
-1.314467,2.344683
-1.427637,2.362905
-2.138696,2.576242
-1.883103,1.906891
-2.291562,3.009523
-2.235377,2.680632
-2.134189,2.464239
-1.247160,2.205850
-1.212215,2.332223
-1.437362,2.462521
-2.222310,2.590563
-1.826725,1.881467
-2.296254,3.020158
-2.230988,2.609752
-2.079986,2.296902
-1.225894,2.283759
-1.269234,2.272257
-1.746358,2.507356
-2.170298,2.618479
-1.779208,1.881347
-2.369721,2.987953
-2.271325,2.592218
-1.123030,-0.657215
-1.269151,-0.695531
-1.078453,-0.885877
-1.015901,-0.816454
-1.235016,-0.745395
-1.113322,-0.871742
-1.055417,-0.927768
-0.998215,2.541468
-1.012827,-0.931748
-1.071278,2.575131
-1.107975,-0.940363
-1.044694,2.615637
-1.098997,-0.899829
-1.083820,2.636800
-2.032403,2.130779
-1.999329,2.115064
-2.133305,2.170740
-2.093711,2.126691
-2.514862,2.750911
-1.171843,-0.561292
-1.111877,-0.756946
-2.005341,2.795971
-1.600805,-0.089795
-1.303588,3.093664
-1.059579,-0.685772
-1.064698,-0.832043
-2.112216,2.818577
-1.523810,-0.147722
-1.653948,2.433670
-1.381135,2.467359
-1.672766,-0.106891
-1.196584,2.374772
-2.412363,2.955398
-1.189239,2.437312
-0.942177,2.290553
-1.251189,2.652218
-1.635703,2.378404
-1.417728,2.432080
-1.666396,-0.039158
-1.299916,2.373543
-2.402901,2.900890
-1.219614,2.415714
-0.958224,2.266538
-1.260764,2.687476
-2.722763,2.882430
-1.348981,-0.178002
-2.375536,3.094405
-2.202946,-2.741985
-1.936355,2.560933
-2.615832,-2.925782
-2.299677,2.284154
-0.914323,2.335002
-1.166999,2.499272
-1.608271,2.170731
-1.582635,0.316176
-1.742223,0.066778
-1.640218,1.970427
-1.062728,-0.774463
-1.945503,2.249036
-1.241824,-0.664603
-2.023649,2.074839
-1.436436,-0.210135
-2.227255,1.879716
1.448675,-0.085396
-2.120306,0.316429
-2.605104,1.333098
0.967634,0.753476
-1.753929,0.809341
-1.077944,-0.605391
-1.725020,2.734403
-2.673080,1.287065
-1.159391,-0.570245
-1.151283,-0.656275
-2.187551,2.060625
-1.659795,2.617103
-1.079425,-0.748766
-1.406464,-0.278689
-0.957144,-0.788130
-1.131033,-0.712242
-1.673495,2.144115
-1.302850,2.257885
-1.913241,2.594688
-1.315175,2.133554
-1.699855,-0.066443
-1.230055,2.278502
-2.036789,-0.040454
-2.544053,1.501918
-1.092669,-0.837277
-2.264157,2.983483
-1.065112,-0.401205
-1.151026,-0.782773
-2.818746,2.293902
-1.154128,-0.788359
-2.002190,1.605100
-2.016344,0.408890
-1.732757,2.235467
-2.718632,2.830825
-1.169705,-0.641386
-1.147440,-0.689399
-1.613367,1.934451
-1.268273,2.384939
-2.089321,2.620480
-2.626575,2.066525
-1.202185,2.792537
-1.055501,2.498113
-1.937139,2.330753
0.952089,0.849505
-1.381160,2.687354
-2.076591,2.106042
1.191225,0.573754
-1.085901,-0.678017
-2.955845,2.887542
-2.361337,1.922375
-1.314435,-0.177169
1.106582,0.488545
-1.064007,-0.731887
-2.958461,2.866946
-2.420885,1.874419
-1.284566,-0.152597
-2.004409,2.159319
-1.087124,-0.899176
-2.666807,3.114769
-1.293824,-0.568711
-1.211159,2.700106
-1.710190,0.061289
-1.264317,1.986271
-2.903229,2.615868
-2.126810,2.733998
-1.861845,2.613009
0.963092,0.649572
-2.416985,3.007819
-2.138216,2.431621
-2.552437,2.018166
-2.488599,1.969329
-1.918114,2.318524
-2.716932,2.601024
-2.132760,1.688440
-1.400885,-0.648784
-1.497959,-0.204917
-2.875338,2.538089
-2.817126,2.556383
-1.689913,2.646161
-2.664499,2.199559
-1.507260,2.993643
-1.260773,2.138578
-2.748886,3.008926
-0.975647,-0.536360
-1.852277,0.256530
-1.692456,1.833875
-1.835085,2.029950
-1.610375,2.226690
1.243145,0.578439
-1.825325,0.597632
-1.169550,2.272706
-1.097369,2.595651
-2.261148,2.933274
-1.639609,2.194949
-1.151274,2.271367
-1.118299,2.584550
-2.279071,2.938578
-1.796311,2.286953
-2.135965,2.641837
-1.595172,-0.514760
-1.742523,-0.852775
-1.403410,2.752012
-1.901875,2.650181
-1.367171,-0.658132
-1.698146,-0.716525
-1.429874,2.925063
-1.230137,-0.240013
-1.228515,2.967152
-2.630109,-3.037265
-1.269983,-0.276236
-1.281161,2.057818
-1.129944,-0.444807
-1.491607,2.740305
-1.460111,-0.326867
-1.080096,-0.661074
-1.999528,1.321960
-1.836695,2.123284
-1.239335,-0.684049
-2.162605,0.662984
-1.677051,1.885974
1.426651,-0.146432
-1.003210,2.311382
-1.229589,2.303322
-0.996628,-0.532450
1.428857,-0.133812
-0.988545,2.312494
-1.239105,2.289781
-1.451442,-0.197022
-1.204907,2.058028
-0.963560,-0.754922
-2.763006,2.283963
-2.012710,2.110357
-2.839813,2.419735
-1.956692,2.177649
-1.099999,2.616252
-2.680338,2.864490
-1.501862,0.003806
-1.330764,2.733060
-2.319839,2.873501
-2.269884,2.631478
-1.166392,-0.841964
-1.741346,2.362321
-2.768416,-3.027700
-2.153507,2.181537
-2.385202,2.429784
-1.093285,-0.290545
-2.172108,2.778969
-2.008271,-0.008940
-2.146802,1.859537
-2.334356,2.539101
-1.761924,-0.386935
-1.259708,-0.640294
-0.905978,-0.806129
-1.083869,2.466892
-1.378277,-0.548959
-1.288469,2.468022
-2.142227,1.796362
-1.846775,2.769040
-2.678861,2.895934
-2.040684,2.641948
1.115252,0.307242
-1.300135,-0.600998
-0.983041,-0.590999
-1.717485,2.466070
-2.475616,2.318861
-2.512460,2.954707
-1.728235,-1.995777
-1.008847,-0.852673
-1.736790,-2.003658
-1.014779,-0.854201
-2.123933,2.754246
-1.897383,2.400114
-1.159958,2.705310
-1.278053,2.430882
-2.264123,2.822010
-2.037652,2.482665
-1.185962,2.498769
-1.412315,2.463517
-1.576353,2.595163
-2.754165,3.013037
-2.705574,2.219363
-2.510719,0.978719
-1.136695,-0.693689
-1.554318,-0.356218
-1.142308,-0.691450
-1.581310,-0.328690
-1.157666,-0.425953
-2.326976,2.390337
-1.178540,-0.663884
-1.133422,-0.785458
-2.521597,0.762878
-1.429205,2.200906
-2.023522,2.177809
-2.532903,2.499971
-1.273030,-0.512358
-1.099352,-0.538775
-1.520677,2.469815
-2.332635,3.023248
-1.230285,-0.742811
-2.241216,2.538722
3.105101,2.850303
-1.855788,1.939194
-1.180340,2.197868
-1.602130,2.113336
-2.351196,2.865468
-1.067344,-0.828570
-1.612772,0.251821
-1.298787,2.507179
-2.515290,2.488744
-1.096488,2.668314
-1.802974,1.733068
-1.126790,-0.229709
-1.341869,2.701858
-1.793951,2.299028
-1.663190,2.410814
-1.488617,1.843732
-2.103757,2.295024
-1.159274,-0.571343
-1.398388,-1.074690
-1.051015,-0.713857
-1.069821,-0.610924
-1.360345,-1.098145
-0.994538,-0.737912
-1.069267,-0.768638
-1.170847,-0.652081
-1.024848,-0.838064
-1.243021,-0.631320
-2.336551,2.501721
-2.247167,2.337205
-2.417598,2.512987
-2.288238,2.227688
-2.608654,-0.581397
-1.652288,3.024399
-2.710991,2.771232
-1.115115,-0.495437
-2.826184,-0.358090
-1.639202,3.062896
-2.802134,2.785369
-1.139079,-0.639826
-1.567824,-0.317459
-1.609594,-0.187948
-2.995547,-3.078256
-2.274881,2.272117
-1.804131,2.708363
-1.979822,2.300251
-2.333963,2.523609
-1.875663,2.151928
-1.570990,2.388675
-2.635316,2.403369
-1.470705,2.490463
-2.589895,2.416578
-1.891845,-0.293102
-1.904315,-0.913969
-1.873231,2.471748
-1.436818,2.743574
-2.259724,2.803803
-1.409160,-0.365785
-1.930395,0.175289
-1.832352,-0.546638
-1.739210,2.374943
-1.314638,2.761667
-1.025222,-0.768603
-1.368703,-0.569631
-1.344921,0.020713
-1.095057,-0.709987
-2.171773,2.994962
-1.504788,-0.021582
-1.441256,0.046825
-1.151838,-0.794796
-2.169480,3.006406
-1.506250,-0.022845
-1.229017,-0.753975
-1.270886,-0.553832
-1.928515,2.008939
-1.388616,-0.323149
-1.663368,0.057789
-0.844506,1.917353
-1.584454,2.354914
-1.742721,0.087170
1.200648,1.326456
-1.809145,2.173492
-1.677627,-0.553691
-1.439095,2.299466
-2.235811,0.068532
-1.996326,2.645560
-1.881079,2.482233
-2.467089,2.623200
-2.772777,2.984601
-2.485488,3.004139
-1.185125,-0.861116
-1.052370,-0.843279
-1.051604,-0.705440
-1.195632,-0.855741
-2.159869,0.151601
-1.769436,-0.010300
-1.144322,-0.910337
-1.048845,-0.846111
-2.372924,2.058841
-1.816746,2.742119
-1.010923,-0.896544
-1.020570,-0.681043
-1.141563,-0.664272
-1.767927,0.200103
-1.882078,3.008250
-1.683437,2.588897
-1.644720,2.143056
-1.170204,-0.693666
-1.435030,-0.323260
-2.338049,2.276228
-1.881370,2.224529
-1.054032,-0.815572
-1.922161,2.202673
1.184143,0.485591
-1.523280,1.889638
-1.411531,2.830924
-1.945282,2.412801
-1.505502,2.633220
-1.250155,-0.392643
-2.741165,1.678763
-1.383573,2.477349
-1.291036,-0.151633
-2.213935,2.872664
-1.736492,2.387423
-1.552120,2.748354
-1.684945,2.610669
-2.296313,2.737044
-2.266241,2.576324
-1.076050,-0.847407
-1.641129,2.358143
-2.247684,2.586194
-1.118184,-0.815538
-1.559512,2.373962
-1.063173,-0.770385
-1.198031,-0.283200
-1.522796,2.821365
-1.361773,2.321003
-2.497543,2.716018
-1.062379,-0.764443
-2.046933,-0.203058
-1.065608,-0.915242
-1.833291,1.959183
-1.650305,2.124539
-2.114583,2.347478
-1.260177,-0.857999
-2.859636,-3.114136
-2.055164,0.176308
-2.027655,1.959778
-1.199673,2.505132
-2.360201,2.842574
-1.844299,0.329262
-2.320649,1.236258
-1.770984,-0.218994
-1.217782,2.201482
-1.729936,2.226561
-2.839921,2.327456
-1.575095,-0.262965
-2.176255,-2.878779
-2.429516,2.778543
-1.583598,2.188729
-1.835542,2.800519
-1.394804,2.662368
-1.997024,2.894842
-1.578181,1.925559
-2.520456,2.711641
-2.319254,2.795490
-2.688628,2.888424
-1.129244,-0.414668
-2.470307,2.736409
-1.615710,-0.364420
-1.773665,2.831334
-1.460662,2.410906
-1.775411,2.912859
-1.685936,1.811478
-2.559529,2.764415
-2.394848,2.725931
-2.671670,2.908086
-1.091748,-0.450906
-2.419898,2.632478
-2.962836,2.612723
-1.942427,2.919168
-1.288594,-0.646130
-2.320249,0.007972
-1.526329,-0.169532
-2.424324,2.732090
-2.863252,2.554639
-1.955673,2.876666
-1.411692,-0.722492
-2.206011,0.017345
-1.648798,0.012702
-1.015730,-0.855055
-2.858725,2.830971
-1.615246,-0.009977
-1.392631,2.628337
-2.260954,2.923994
-2.258166,2.696399
-1.055719,-0.876139
-1.873816,2.611536
-2.744307,-3.049218
-2.283184,2.166380
-2.469413,2.328448
-0.965084,-0.434579
-1.644340,0.072379
-1.334565,-0.510137
-1.002208,2.186621
-1.544356,0.118311
-1.151838,-0.486590
-1.095174,2.100063
-1.983774,2.301553
-1.873193,2.685552
-1.005915,-0.792158
-1.819558,1.931575
-1.515074,2.184958
1.353944,0.138725
-1.900189,2.309109
-0.778917,-0.982499
-2.830719,2.694758
1.018014,0.687012
-0.971334,2.553576
-1.750991,2.354047
-2.393647,2.755832
0.990416,-2.481101
-1.235929,-0.523601
-2.869519,2.902724
-2.240362,0.409293
-2.670250,2.997589
-2.748359,2.943604
-2.200176,0.484714
-2.668233,-3.132327
-1.993455,2.438182
-2.428225,2.063087
-1.727271,1.794246
-1.743709,0.109325
-2.105207,2.501551
-1.099705,-0.738880
0.889139,0.750209
-1.891903,1.777568
-1.360702,2.485340
-1.624433,1.942738
-1.335919,2.176328
-1.138985,2.394683
-2.206905,2.289159
-2.134321,2.402046
-1.454224,2.596298
-1.182157,2.135803
-1.358500,2.389626
-1.101168,-0.401006
-2.090531,2.507616
-1.144679,-0.698934
-1.188745,-0.528841
-1.117530,-0.591351
-1.098828,-0.679782
-2.221103,2.476094
-1.502602,-0.545464
-1.083224,-0.812577
-1.392410,-0.616416
-1.938646,2.298463
-2.869245,2.972049
-1.130176,-0.752774
-2.609148,3.056002
-2.650263,2.888862
-1.193053,-0.426414
-1.807406,-0.066940
-1.655821,-0.040614
-2.711692,2.938938
-1.809946,2.385306
-1.401338,1.174093
-1.055577,-0.743718
-1.857933,-0.390721
-1.726060,-1.033964
-2.063662,-0.392571
-1.786189,-0.643145
-2.377612,2.788469
-1.145819,2.337926
-2.849561,2.823680
-1.325356,-0.239783
-1.898976,2.142933
-1.151953,2.085595
-2.558456,2.317831
-1.335667,1.958483
-2.460647,0.244316
-2.818730,3.015522
-1.297753,-0.825602
-1.115027,-0.730049
-2.145061,2.481368
-2.087010,2.263357
-2.313737,2.583476
-1.110195,-0.518108
-1.959453,0.114902
-1.051089,-0.803682
-2.879571,2.979177
-1.225889,-0.632756
-1.968766,2.241409
-2.553411,1.154896
-1.023369,2.280827
-2.374026,2.898121
-1.032609,2.572703
-2.345152,1.290465
-2.302380,1.898593
-1.438735,-0.213232
-2.173817,-0.745905
-1.554728,3.040252
-1.407547,-3.121824
-2.187308,-0.594325
-1.489972,2.909524
-1.414630,-3.127013
-2.165199,-0.618487
-1.521034,2.930619
-1.320159,3.129376
-2.106654,-0.717407
-1.494399,2.980930
-1.387209,3.085627
-1.042735,-0.844256
-1.180793,-0.809956
-1.657368,2.860620
-1.329524,2.613979
-1.061999,-0.749488
-1.211478,-0.738000
-1.764519,0.082560
-1.694295,2.460038
-0.955868,-0.713195
-1.662911,-0.784040
-1.122934,-0.633202
-2.249365,1.726149
-1.260389,2.603290
-2.542794,2.820123
-2.528359,1.185375
-2.644185,2.900947
-1.350514,2.542873
-2.233355,2.065318
-1.007000,-0.732756
-1.051629,-0.845179
-1.291717,-0.807928
-1.256942,-0.679308
-1.165618,-0.685819
-0.713468,-0.835131
-2.791890,2.762042
-1.158581,-0.331911
-0.957732,-0.837597
1.113200,-1.132156
-1.346859,-0.221277
-2.450674,0.238817
-1.145543,-0.711429
-0.984888,2.235540
-1.644957,2.081898
-2.304663,2.641062
-1.063602,-0.724019
-1.206298,-0.709733
-1.066403,2.236523
-1.674117,2.142785
-2.319575,2.575524
-1.052246,-0.791200
-1.160463,-0.872178
-1.323496,-0.740729
-1.654861,0.220927
-1.509990,-0.111018
-1.824124,0.164921
-1.608606,-0.124074
-1.183885,2.378383
-1.221716,2.970181
-1.089667,-0.532420
-1.148940,-0.578227
-1.236181,-0.201935
-0.907170,2.390846
-1.095442,2.940042
-1.171808,-0.615894
-1.099680,-0.604825
-1.198480,-0.213002
-0.992772,2.351843
-1.120553,2.952250
-1.051084,-0.600116
-1.280502,-0.595342
-1.158145,-0.175795
-0.854896,2.404518
-1.193972,3.049310
-1.140229,-0.452391
-1.159698,-0.560901
-1.287184,-0.162228
-1.868136,-0.462635
-2.126367,-0.270078
-0.917276,-0.694113
0.951334,0.752498
-1.018251,-0.718034
-1.288338,-0.312176
-2.375019,-0.384305
-1.201685,-0.311560
-2.039596,1.817571
-1.043374,2.354683
-1.189830,-0.804874
-2.248524,1.222941
-1.754742,2.033692
-2.169458,1.308287
-1.784276,2.001598
-2.249711,1.438600
-1.714157,2.096421
-2.189966,1.255022
-1.841205,2.011181
-2.200604,2.544806
-1.726952,2.160068
-1.423235,-0.254759
-1.287901,-0.713391
-1.996085,1.887952
-1.636259,2.695218
-1.755407,2.065797
-1.233782,2.576520
-2.191343,2.552324
-1.673133,2.122548
-1.509769,-0.260507
-1.310745,-0.718874
-2.008608,1.975060
-1.584258,2.714236
-1.785854,2.234865
-1.186361,2.487790
-1.323456,-0.464234
-2.259961,-2.961000
-1.563473,0.274050
-1.265597,-0.248064
-1.319181,-0.501525
-2.646958,-0.293535
-1.597414,0.276656
-1.245327,-0.292680
-1.621894,1.999374
-1.003662,-0.748727
-2.365590,2.181413
-2.135740,2.829772
-1.959716,-0.044605
-1.092313,-0.371256
-2.143855,2.873190
-1.947328,-0.119273
-1.104752,-0.405982
-1.317936,1.182233
-1.402759,2.692162
-2.813001,-2.953046
-1.974298,2.689441
0.645032,1.059965
-1.782687,2.823607
-1.869298,2.595700
-1.848031,2.767837
-1.803501,2.595103
-1.808368,2.229449
0.949008,0.451121
-1.158176,-0.700606
-1.044952,-1.007601
-1.488410,2.351936
-1.323344,2.137408
-2.225666,1.546568
-1.465268,2.982983
-2.524291,3.049620
-1.062871,-0.957273
-1.488132,2.381054
-1.326183,2.190375
-2.355646,1.566986
-1.366426,2.883165
-2.604207,2.984583
-0.984620,-1.005571
-1.473596,2.398551
-1.281689,2.187331
-2.303429,1.578981
-1.452945,2.964241
-2.569031,2.982399
-1.031458,-0.833319
-2.193886,0.324640
-2.291541,2.636316
-2.347656,-2.451089
-1.221458,2.456551
-1.316561,2.418723
-1.999219,0.355320
-2.547095,2.959049
-1.170931,2.335806
-1.252317,1.833276
-1.133312,-0.672253
-2.566950,2.910434
-1.167720,2.408981
-1.317168,1.709926
-1.113137,-0.643898
-2.609142,2.948385
-1.190007,2.299102
-1.277244,1.664702
-1.128314,-0.643835
-2.626234,2.921852
-1.186020,2.356587
-1.336892,1.645643
-1.152508,-0.656881
-1.156982,-0.662743
-1.255690,2.453297
-1.071482,-0.742593
0.938689,0.676980
-1.329442,2.498374
0.835783,0.678449
-1.437666,2.355708
-2.101597,1.742225
-2.322769,2.119771
-1.614915,2.802906
-2.487422,2.017825
-1.737030,2.496942
-1.155403,-0.730673
-2.027738,2.675232
-2.274123,1.782893
-1.058396,-0.683774
0.880995,1.047705
-2.015605,2.717490
-2.348626,1.768946
-1.009024,-0.672996
-3.023841,0.325388
-1.319099,-0.629095
-1.155359,-0.344770
-1.130590,-0.341335
-1.169279,-0.307393
-1.124687,-0.340516
-1.171684,-0.323540
-1.198331,-0.326479
-1.178093,-0.298044
-1.181947,-0.274286
-1.155700,-0.299452
-1.117100,-0.350232
-1.154432,-0.296807
-1.149060,-0.332114
-1.153315,-0.797719
-2.744667,3.079237
-1.019127,-0.924246
-2.723665,3.063260
-1.073711,-0.849143
-2.745932,3.019076
-2.221997,0.981237
-1.264935,2.333760
-1.194215,-0.671151
-1.201638,-0.742555
-2.198955,1.226228
-2.280138,1.060308
-1.166080,2.356504
-1.199220,-0.619924
-1.215788,-0.705786
-1.856012,1.834507
-2.250587,2.518798
-1.102955,-0.760005
-1.206806,-0.765391
-1.565862,2.845966
-1.111283,-0.744832
-1.260978,-0.752456
-1.550739,2.773561
-1.126901,-0.732786
-1.191373,-0.793378
-1.875894,2.711383
-1.155345,-0.705061
-1.250057,-0.772750
-1.540209,2.061900
-1.885408,-0.069105
-2.618353,2.392173
1.037106,0.630102
-1.547088,2.026034
-1.896920,-0.000872
-2.572696,2.405490
0.962665,0.711410
-1.285880,-0.827099
-1.100668,-0.673524
-2.365280,2.188980
-2.015929,2.329126
-2.772277,2.923126
-2.077123,2.431521
1.022977,0.756685
-1.436470,-0.060200
-1.447585,2.099621
-1.680515,2.436238
-1.854870,2.379584
-2.069991,2.573956
1.058870,0.533489
-1.552592,-0.120318
-1.564095,2.106250
-1.639266,2.305657
-1.836125,2.284291
-1.644598,2.610018
1.109552,0.465884
-1.953333,0.208869
-2.068756,2.850227
-1.894874,0.197089
-2.300969,2.640659
-1.936061,0.172628
-2.169911,2.797972
-1.953492,0.187175
-2.142031,2.775094
-2.354654,2.398457
-2.146637,2.583488
-0.944027,-0.641433
-1.115872,-0.518022
-1.176035,2.937588
-1.345556,2.506858
-1.094286,2.624909
-1.169511,-0.715408
-1.380557,-0.532830
-1.366842,-0.149239
-1.442844,2.151273
-2.597115,2.099372
-1.163109,-0.712223
-1.024522,2.626776
-1.123554,-0.579496
-1.433399,-0.437501
-1.320807,-0.265177
-1.665035,2.012025
-2.810317,2.291012
-1.086169,-0.758488
-1.071694,-0.747844
-1.115333,-0.670691
-2.101474,-3.134393
-1.129106,-0.681716
-1.110936,-0.685489
-2.146435,3.121120
-1.444846,2.142499
-1.173914,-0.786460
-2.141040,1.188916
-1.498123,0.024512
-1.809514,2.493177
-2.314363,2.325551
-2.073810,1.889342
-1.118335,2.230452
-1.244692,-0.378415
-2.069499,2.725067
0.870047,0.883991
-1.364312,-0.177124
-1.254111,2.596696
-1.683601,1.679628
-2.955044,2.486698
-2.163611,2.479470
1.110890,0.735339
-0.941277,2.618743
-0.998497,-0.726200
-1.270704,2.153987
-2.261459,2.709074
-1.349460,-0.106197
-1.630132,2.581793
-1.676896,2.512247
-2.747133,1.298034
-2.317706,2.345650
-2.467187,2.631019
-1.162097,-0.252448
-2.840325,2.761002
-2.476337,2.364926
-1.689869,0.246139
-1.083631,2.219476
-1.577176,1.694227
-1.047974,-0.721531
-1.139024,-0.723031
-1.619261,2.515946
-1.521774,2.263710
-1.174277,-0.577929
-0.413817,2.100809
-2.562478,2.817830
-1.107800,2.472877
-2.144833,2.696233
-1.832792,-0.115281
-1.473473,1.850477
-2.332118,2.647082
-1.639857,2.179161
-0.492931,2.031176
-2.426713,2.742523
-1.050682,2.272283
-2.172826,2.811230
-1.915358,-0.123310
-1.520016,2.053828
-2.251095,2.833864
-1.565839,2.067042
-1.613086,1.141507
-1.778273,2.373481
-1.430986,1.127732
-1.751112,2.366884
-1.252288,2.303844
-2.197820,1.873640
-1.209115,-0.747776
-1.067417,-0.312190
-2.568703,2.431198
-1.856210,2.760444
-1.932522,2.008525
-1.946363,-0.356755
-1.660431,1.972102
-2.787231,2.365186
-1.345309,-0.194893
-1.728504,2.729664
-1.669288,2.046579
-2.100343,-0.378839
-1.529560,2.023505
-2.834042,2.379196
-1.346329,-0.178950
-1.819484,2.794704
-2.029661,1.986983
-2.068690,-0.259676
-1.592901,1.960016
-2.597037,2.458408
-1.331123,-0.193378
-1.802573,2.726767
-1.764621,1.979314
-2.168694,-0.355275
-1.543726,1.996606
-2.870123,2.350360
-1.374254,-0.152131
-1.968792,1.769947
-0.949236,-0.909107
1.185121,0.414317
-1.363880,2.924991
-1.487915,2.011516
-1.169544,-0.631553
-1.395818,1.915872
-1.223398,-0.636586
-0.880873,2.214789
-0.987465,-0.639351
-2.499115,1.240577
-1.168275,-0.281140
-1.448470,2.110269
-1.150910,-0.831326
-2.157654,2.767208
-2.149620,2.805379
-2.530753,2.462284
-2.267846,-0.346948
-1.188106,2.531676
-2.436671,1.328691
-1.145272,-0.820007
-1.033392,-0.829062
-1.435884,1.148457
-1.606245,0.009354
-1.325808,-0.687466
-1.559552,2.518024
-1.023405,-0.756514
-1.329985,-0.926328
-1.027518,-0.755324
-1.257246,-0.970045
-1.010398,-0.808476
-1.296676,-0.907555
-1.028137,-0.763747
-1.340429,-0.912099
-2.286236,2.756251
-0.729331,-0.881377
1.078405,0.790864
1.225471,0.225736
-2.279057,0.663750
-1.136713,2.806370
-1.617585,-0.128550
-1.678696,0.041386
-2.467994,1.061297
-1.714303,-0.109102
-1.643133,0.014758
-2.428154,1.049346
-1.499886,0.526144
-1.116903,-0.708956
-1.179350,-0.413285
-2.449358,1.873156
-1.211421,2.697079
-2.780560,2.865240
-0.915238,2.063340
-1.233927,2.690039
-2.305657,2.897995
-1.584981,2.250320
-1.112867,2.455356
-2.834441,2.799534
-1.326556,2.181462
-1.236366,2.563101
-2.271518,2.894607
-1.466768,2.158828
-1.146727,2.533614
-2.768181,2.910644
-0.937810,2.169423
-1.330033,2.726412
-2.271183,2.897663
-1.470431,2.151138
-1.002030,2.509072
-2.593065,3.033963
-0.726701,2.094122
-1.274684,2.558384
-2.224580,2.829084
-1.541373,2.185510
-1.069531,2.422274
-2.834768,3.001127
-2.713762,3.000815
-1.901927,-0.121206
-1.198943,-0.698660
-1.229854,-0.606880
-1.166367,-0.827701
-2.254974,1.261352
-1.359828,2.379218
-1.102614,2.505629
-0.903202,2.205900
-0.923432,-0.853331
-1.240251,2.474124
-1.109225,-0.200664
-2.731295,2.394958
-1.627413,0.997831
-1.160001,-0.858193
-1.386831,1.365630
-2.587542,2.465585
-1.672415,-2.975654
-2.437275,1.670690
-1.085554,-0.950652
-1.127007,-0.723350
-1.270736,2.271094
-1.205452,-0.684111
-1.265025,2.279286
-1.401482,-0.244386
-1.050020,-0.754066
-1.118129,2.130071
-1.463154,2.328065
-1.225291,-0.452583
-1.239090,-0.833656
-1.157526,2.052844
-1.355715,2.238348
-2.040215,1.653363
-1.254990,-0.452346
-1.493660,2.015037
-1.252307,2.560838
-2.556425,2.500537
-1.149808,-0.699040
-1.686335,2.338572
-1.008017,-0.509845
-1.919797,0.548451
-1.334878,2.291031
-1.287833,-0.260718
-1.042144,-0.792094
-1.138361,2.157154
-1.453494,2.323772
-1.186197,-0.477336
-1.170337,-0.900705
-1.224854,2.059689
-1.373937,2.300506
-2.063095,1.677988
-1.284431,-0.423753
-1.501409,1.963281
-1.200515,2.543066
-2.593971,2.472952
-1.152710,-0.709881
-1.686544,2.322382
-1.011650,-0.505817
-1.898786,0.567063
-2.040143,2.462662
-2.570441,2.478155
-1.125900,-0.754199
-1.655348,2.007677
-1.181455,-0.828506
-1.551130,0.671282
-2.315264,2.778130
-0.962034,-0.576990
-2.225299,2.703724
-1.735290,0.320452
-1.415358,2.659396
-2.306606,2.043081
-2.086664,0.101053
-2.263863,2.248924
-1.884823,2.725698
-1.461372,0.036441
-1.888899,2.131993
-2.346364,-0.376318
-1.771021,1.630432
-0.824644,-0.778741
-1.742661,2.435712
-2.651075,2.372217
-2.588418,2.825173
-0.801474,-0.752950
-1.660759,2.460297
-2.601589,2.232185
-2.663924,2.945087
0.900886,0.799484
-1.819611,2.249450
-1.123854,-0.784903
-2.421051,2.591272
-1.962967,2.464407
-1.017500,-0.760294
0.824681,0.790276
-1.142799,-0.233704
-2.208640,2.363980
-1.253052,-0.982561
-1.401615,2.724742
-2.219079,2.844763
-1.441746,2.555348
-2.348033,3.007983
-1.824404,2.246778
-1.062228,-0.717062
-2.346287,2.703415
-2.864650,3.013830
-1.091447,-0.734794
-1.915645,0.437487
-0.923708,-0.798931
-1.279225,-0.366732
-1.784236,2.796713
-1.539315,2.619360
-1.983447,2.706303
-1.073591,-0.765139
-1.323128,1.917744
-2.346800,2.846930
-1.943646,0.473856
-1.342190,-0.279710
-1.234565,-0.363394
-1.796404,2.811403
-1.639983,2.475742
-1.991271,2.753464
-1.018165,-0.828192
-1.292914,1.961787
-2.295423,2.741951
-1.102265,-0.551311
-1.437516,1.940022
-2.641569,3.084076
-1.113475,-0.778737
-1.935308,2.293115
-2.317064,2.764826
-2.651532,3.048282
-1.105257,-0.789694
-1.961276,2.356921
-2.381834,2.896601
-1.101699,-0.637722
0.932797,0.611107
-1.240995,-0.696521
-2.975951,3.039877
-1.083653,-0.876227
-2.276890,2.284906
-1.243756,-0.737649
-0.938071,-1.207508
1.463654,-0.133809
-1.674189,-1.327656
-1.022710,-0.753251
-1.217613,-0.733121
-1.853501,0.111269
-1.131649,2.654725
-1.845927,1.718000
-1.096122,-0.513256
-0.841654,2.236871
-1.034876,-0.700528
-2.266258,2.433614
-1.540273,0.176392
-2.668291,2.923075
-1.110232,-0.862136
-2.126193,2.472800
-1.032077,-0.836352
-1.106731,-0.754112
-1.936587,2.098203
-2.195892,2.557549
-1.112213,-0.703122
-1.358685,2.184270
-1.112383,-0.938989
-2.616940,2.780728
-1.052410,-0.673755
-1.904021,-0.139093
-1.288212,2.422848
1.029753,0.470904
0.731680,0.690403
-1.137999,2.384426
-1.472379,2.977208
-1.568332,2.678460
-1.037677,2.312390
1.035349,0.468825
0.846734,0.680079
-1.149112,2.333361
-1.420867,2.944164
-1.468064,2.439891
-1.073245,2.581495
-2.730582,2.787543
-1.503618,0.140501
-1.274676,2.642447
-2.239290,2.935392
-2.165834,2.663794
-1.144559,-0.830212
-1.764354,2.358953
-2.718386,-3.061614
-2.227391,2.158768
-2.495211,2.393458
-1.153122,-0.186866
-2.397604,1.969491
-2.779252,2.809383
-1.499965,2.868199
-1.148735,2.610936
-1.553523,1.835691
-1.293613,2.466644
-2.771152,2.941423
-2.153346,2.839102
-1.095793,-0.643608
-2.603278,3.005702
-2.140096,2.895816
-1.187622,-0.478917
-2.602218,3.021898
-2.034869,2.810571
-1.092579,-0.614988
-1.778716,0.789776
-2.622621,2.829718
-1.211838,-0.203251
-1.078621,-0.552149
-1.122779,-0.745752
-1.110155,-0.692577
-2.221342,3.051262
-1.719294,2.112651
-2.786912,3.111301
-1.278066,-0.364675
-1.208690,-0.705410
0.775620,1.242961
-1.170313,-0.704539
-1.126122,2.329543
-1.928684,2.210316
-1.953108,2.166988
-2.244466,2.861693
-2.436651,2.307068
-2.569944,2.781870
-1.170085,-0.661498
-0.893778,2.225279
-2.693251,3.046910
-1.406545,2.615332
-1.122668,-0.681264
-0.814036,2.228440
-2.717237,2.955334
-1.445499,2.574741
-1.984195,-2.213779
-1.043257,2.317375
1.167621,0.339476
-1.040686,-0.732838
-1.396861,2.515800
-1.191409,-0.595013
-1.378271,-0.495114
-1.551669,-0.629554
-1.971932,-2.179726
-1.038984,2.319285
1.206388,0.333333
-1.070258,-0.728774
-1.365715,2.435080
-1.196167,-0.601670
-1.426594,-0.484470
-1.555659,-0.661118
-2.460896,2.462305
-2.607074,1.324532
-2.201759,2.061839
-2.250631,2.656463
-0.992811,-0.733676
-1.530231,1.180600
-1.048694,-0.549597
-1.777847,2.311819
-1.280143,2.205585
-1.103156,-0.576060
-1.827859,1.930546
-1.781015,1.897224
-1.011898,-0.743168
-1.242599,2.535589
-1.163529,-0.542365
-1.065458,-0.804728
-1.742753,2.381962
-2.004181,2.507188
-1.886054,2.192619
-2.419077,2.787677
-2.565415,1.736251
-1.824810,-0.081707
-1.062119,-0.534306
-1.944410,2.158633
-1.979332,1.785543
-2.180736,0.611290
-1.141362,2.355249
-1.880209,2.284044
-2.084206,0.650548
-1.199221,2.334464
-1.780142,2.288768
-2.923834,2.114078
-2.528271,2.912611
-1.108434,-0.985697
-0.997955,-0.760739
-1.248134,-0.647387
-2.912731,2.192121
-2.460106,2.961243
-1.055443,-0.940395
-0.995337,-0.835715
-1.113357,-0.761774
-3.007211,2.122361
-2.415985,2.849383
-1.108332,-0.924610
-0.958598,-0.895978
-1.124507,-0.728149
-1.437185,2.040559
-1.979977,2.410265
-1.191111,-0.450393
-1.153300,-0.299587
-1.041771,-0.862424
-0.954268,-0.690782
-0.843291,-0.897604
0.957459,0.590032
-1.707632,0.049695
-1.884057,1.962824
1.048301,0.418654
-1.892577,2.335500
-1.811904,2.446958
-1.396207,2.792890
-0.989998,-0.742540
-2.698678,3.138730
-1.106251,-0.406929
-0.806783,-0.930621
-1.172976,-0.247057
-1.267703,-0.805456
-2.488735,1.134705
-2.117810,2.910997
-1.716696,2.553085
-1.358393,2.065164
-1.009251,-0.485569
-2.493814,2.527724
-1.164127,-0.863906
-1.083649,-0.751053
-1.133240,-0.815069
-0.969378,-0.516736
-2.024155,0.301719
-1.778572,2.019223
-1.848283,2.544761
-2.778638,1.897258
-1.305127,-0.331898
-0.997710,-0.732893
-2.178662,2.505499
-1.473847,-0.673442
-1.608357,-0.348035
-1.354675,2.014128
-0.992135,-0.770567
-1.181110,-0.667270
-1.102530,-0.791811
-1.738664,1.947854
-2.425460,1.939007
-1.607043,2.329220
-1.176245,-0.860398
-1.025984,-0.764825
-0.978278,-0.822981
-1.015639,-0.726634
-1.137051,-0.820291
1.102357,0.827933
-1.037513,-0.838088
1.086737,0.881887
-1.831793,2.201873
-1.145678,-0.868429
-1.881565,2.473233
-1.951571,2.054214
-1.054774,-0.709832
-1.872391,2.585502
-1.225866,2.162415
-1.013696,-0.723350
-2.448483,2.797755
-1.649932,2.680575
-1.149649,-0.606177
0.765590,0.626310
-1.361542,-0.399308
-1.374123,2.696015
-2.196500,2.201275
-1.739575,2.366573
-2.321216,1.681839
-1.131065,-0.626137
-1.186034,-0.710275
-1.064563,-0.773129
-1.165542,-0.650243
-2.170858,2.209673
-1.803834,2.373497
-2.240262,1.685399
-1.114437,-0.572968
-1.130576,-0.743208
-1.062693,-0.761811
-1.158704,-0.665404
-1.586107,2.610817
-2.015850,2.462187
-1.057663,-0.647114
-2.280661,2.734748
-1.162931,-0.334489
-1.855851,2.668797
-1.141924,2.408001
-2.346069,0.112107
-1.105293,-0.621533
-2.555110,2.505433
-1.347994,2.774776
-1.810733,-0.400944
-2.195589,2.070009
-1.872296,2.219271
-1.972286,2.047813
-2.513237,2.114504
-1.034792,-0.887404
-1.236582,-0.456402
-1.131691,-0.583406
-2.566464,2.520515
-1.058206,-0.694975
0.966884,0.744100
-2.789668,2.691338
-1.191352,-0.717315
-1.280810,-0.319631
0.951297,0.734030
-2.819636,2.650137
-1.131594,-0.762998
-1.555029,-0.965167
-2.630472,2.245237
-1.126242,-0.439319
1.143357,0.035527
-1.473477,0.030850
-1.042894,-0.873778
-1.168632,2.306828
-1.367610,2.329225
-1.234460,-0.610769
-1.251831,-0.431145
-1.161212,-0.870977
-1.941105,-0.799796
-0.983768,-0.905454
-2.002312,0.434555
-1.254118,-0.658284
-1.194108,-0.466745
-1.195490,-0.817788
-2.055041,-0.837952
-1.052815,-0.847239
-1.886710,0.406603
-2.755640,2.782854
-1.193653,2.762569
-1.021733,2.464980
-1.106973,-0.806983
-1.684482,2.175373
-2.772774,2.773873
-1.201406,2.738238
-1.074686,2.484367
-1.136611,-0.800185
-1.678716,2.181586
-2.734056,2.809908
-1.178536,2.710179
-1.073560,2.483577
-1.088305,-0.839849
-1.670998,2.182607
-2.783158,2.775444
-1.230336,2.798190
-0.973987,2.504638
-1.101130,-0.824951
-1.709462,2.182781
-1.500367,2.356217
3.037715,-1.177249
-1.796873,2.467945
-2.734937,2.888018
-1.070287,-0.766147
-1.711581,3.067061
-1.491820,2.281909
3.061920,-1.215536
-1.765230,2.489695
-2.753171,2.887489
-1.050532,-0.780214
-1.697973,3.041074
-1.157773,-0.477170
-2.199602,3.072786
-0.856030,-0.847891
-0.744819,-0.949830
-1.938723,0.746380
-1.411719,1.708141
-0.459317,-1.145809
-1.614408,2.824433
-1.009545,-0.840843
-0.958887,-0.822971
-2.910702,2.362586
-1.138104,-0.583622
-2.763432,2.517848
-1.685654,2.863472
-2.203824,2.598857
-1.249426,-0.468973
-2.135432,3.106425
-0.960730,-0.872257
-0.634834,-0.980238
-1.878684,0.578798
-1.485891,1.738421
-0.472558,-1.107785
-1.809968,2.799598
-1.037603,-0.771040
-0.984083,-0.851564
-2.905136,2.382512
-1.181888,-0.531678
-2.691517,2.628175
-1.695195,2.849853
-2.191403,2.741772
-2.602876,2.636344
-2.594070,2.453692
-2.121785,1.233624
-1.324722,-0.214403
-1.623089,2.579309
-2.173971,2.345128
-1.278459,-0.497113
-1.732966,0.084681
-1.779518,2.354865
-2.236446,2.419497
-1.238788,-0.510615
-1.324881,-0.183664
-1.674868,2.530604
-2.192686,2.390480
-1.283427,-0.479921
-1.618723,-0.035435
-1.705482,2.367627
-2.205647,2.312556
-1.308225,-0.495022
1.282841,0.046626
-1.337056,-0.130668
-0.933239,-0.640218
-1.199838,2.790309
-1.333920,2.724022
-0.892765,-0.647491
-1.773552,-0.684065
-1.051711,-0.801416
-1.688119,-0.716781
-0.904420,-0.691942
-2.119383,-0.544140
-1.065879,-0.407774
-2.380003,-0.294149
-1.855607,-0.334670
-1.493492,2.237715
0.826345,0.838154
1.407862,-0.164346
-1.829725,-0.385773
-1.575824,2.114743
0.871573,0.800615
1.478165,-0.281665
-1.968076,-0.557052
-1.563212,-0.525000
-2.108730,-0.615819
-1.566861,-0.538507
-2.114141,-0.527898
-1.180298,2.771328
-1.126423,-0.289753
-1.387863,2.711098
-2.103898,-0.512262
-1.180072,2.765949
-1.091060,-0.349256
-1.454894,2.631441
-1.167896,2.703355
1.165797,0.236257
-1.762186,2.839362
-1.149114,-0.632232
-1.186752,2.734113
1.125467,0.253178
-1.934252,2.784125
-1.169986,-0.589495
-1.998263,1.982242
-1.184878,-0.724577
-1.324680,-0.343094
-1.221445,-0.490935
-2.769888,2.883407
-1.121903,-0.405250
-2.535577,2.742380
-1.138261,-0.524306
-1.779362,2.505397
-2.657463,-3.111830
-2.134040,2.440350
-1.261978,-1.110359
-2.325300,-3.063730
-1.394653,-0.361735
-2.320469,2.920318
-2.133702,2.805989
-1.381002,2.766542
-1.394825,-0.301204
-0.918631,-0.937990
-1.039960,-0.982065
-2.594228,2.406192
-1.754927,2.875968
-1.277036,-0.692997
-2.369394,2.706870
-1.394271,-0.194133
-1.135937,2.224250
-1.153352,-0.773752
-1.080900,-0.747970
-1.087047,-0.682957
-2.349396,2.877890
-1.968750,2.543146
-2.264237,2.973575
-1.937286,2.595621
-2.264555,3.016901
-1.947286,2.554325
-2.372795,2.869132
-2.002336,2.503479
-1.009369,-0.781414
-1.336027,-0.307829
-2.798706,2.052383
-2.033076,0.185698
-1.039672,-0.680138
-1.747513,0.111675
-2.808984,2.214165
-2.196476,0.147329
-1.030072,-0.748326
-1.773371,0.074681
-2.742731,2.087312
-2.081213,0.134224
-0.937530,-0.776160
-1.734091,0.097419
-2.832164,2.071838
-2.008456,0.181414
-1.113400,-0.619022
-1.869291,0.123680
-2.895026,1.998593
-1.953935,0.106234
-0.997071,-0.772583
-1.755284,0.065695
-2.911635,2.111069
-2.096762,0.108852
-1.021779,-0.654924
-1.817090,0.044310
-2.732803,1.914142
-2.055665,0.152267
-1.131573,-0.608859
-1.740276,0.116328
-2.785712,2.095582
-2.142469,0.176655
-1.078844,-0.761560
-1.836235,0.056319
-1.854300,0.123148
-1.965589,1.902132
-1.504529,2.074501
-2.331303,2.344614
-1.079741,-0.735425
-1.097136,-0.733017
-1.029792,-0.792154
-1.065598,-0.817293
-2.177899,2.262196
-1.095212,-0.821627
-1.004814,-0.828732
-1.222393,2.632686
-0.801728,-1.024941
-0.989337,-0.735834
-1.726396,0.213871
-2.100180,1.546406
-1.508813,2.693956
-0.943751,-0.934462
-0.995390,-0.772713
-1.662281,0.176073
-2.012719,1.502667
-1.449325,-0.380238
-2.408406,2.293196
-1.285531,2.115321
-2.094830,-0.210133
-0.958253,2.220560
-2.228786,-0.278583
-2.697122,2.316056
-1.143054,2.512764
-1.248046,2.428751
-1.449254,1.125119
-1.157939,-0.278521
-1.679379,0.279728
-1.049284,2.311892
-1.211049,3.118582
-1.665589,1.963150
-0.991277,-0.814047
-1.177685,-0.441162
-1.451472,-0.218325
-1.104465,-0.800469
-1.156233,-0.655170
-0.948377,-0.850486
-1.093796,-0.743212
-1.389548,-0.271929
-1.162332,-0.265059
-0.985999,-0.221474
-2.017698,2.748691
-1.380098,2.531996
-2.553579,2.887842
-1.502813,-0.058570
-1.300906,2.371476
-2.216433,3.008666
-2.189375,2.679100
-1.064853,-0.913046
-1.796085,2.375650
-2.640370,3.120930
-2.266275,2.273415
-2.446789,2.184736
-1.080590,-0.250367
-1.007635,-0.830665
-2.649936,1.774749
-1.138478,-0.828679
-1.497918,-3.141433
-2.155183,0.155501
-1.165177,2.580248
-1.673639,3.008518
-1.949809,2.670612
0.903752,0.919575
-1.417186,2.358183
-1.896646,2.507511
-2.640472,1.269904
-1.061956,-0.714326
-2.146265,2.651041
-1.170582,-0.733925
-1.374982,1.951067
-1.065959,-0.574941
-1.059663,-0.665765
-2.452463,2.341889
-1.067496,-0.606571
-1.074701,-0.697748
-2.275246,2.207639
-2.114020,2.596453
-2.266836,2.671532
-1.736081,-0.123706
-1.329713,1.269622
-2.887527,2.747929
-0.842695,-0.890592
-2.435962,-2.992318
-2.376570,2.272365
-2.646868,2.792263
-2.591081,2.852444
-1.455850,0.040578
-1.295882,2.618740
-2.188897,2.988078
-2.259726,2.659584
-1.224490,-0.754296
-1.861469,2.506178
-2.592606,-3.123358
-2.161799,2.000519
-2.349582,2.436096
-1.110249,-0.365159
-2.075337,1.792512
-2.065351,2.599582
-1.567723,1.896215
-1.204256,-0.558503
-1.070483,-0.863520
-2.250293,2.720285
-1.271388,2.484148
-1.798588,2.599034
-1.695534,2.600011
-1.287605,2.157355
-2.272606,2.542141
-2.628371,2.937725
-1.562135,-0.157358
-2.057565,2.756177
-1.277085,2.515121
-1.766928,2.681342
-1.843582,2.577977
-1.278207,2.090089
-2.201525,2.686488
-2.641146,2.900698
-1.526714,-0.320365
-2.304025,2.786191
-1.382934,2.593350
-1.622292,2.533171
-1.880610,2.562904
-1.359425,2.190906
-2.193330,2.554922
-2.744087,2.835398
-1.483020,-0.261253
-1.202444,2.805367
-1.861447,2.851345
-2.175518,2.605728
-1.951804,1.397449
-1.095783,2.321468
-2.827481,2.931825
-2.341568,1.654426
-0.921020,2.248890
-2.344072,1.876997
-1.118958,-0.851522
-1.640871,-0.229591
0.996507,0.501484
-2.940597,2.665103
-2.411236,1.494625
-2.040971,2.803420
1.072121,0.955929
-2.070764,2.501440
0.992869,0.548207
-1.799663,2.718999
-1.752377,1.617570
-1.767211,-0.729618
-1.175899,-0.541361
-1.177851,-0.546385
-1.939781,2.223258
-2.907016,2.904280
-1.658585,2.457536
-1.147592,-0.708895
-1.942921,2.109743
-2.747022,2.954632
-1.665484,2.432742
-1.003411,-0.711732
1.289061,1.398734
-1.721902,1.733368
-1.482846,-0.018464
-1.058200,-0.645186
-1.951845,2.604472
-2.422962,1.011452
-2.715825,2.950959
-1.758362,2.186294
-1.965448,2.817240
-1.715677,2.791367
-1.897536,2.651360
-1.984704,2.541683
-2.110230,2.970795
-1.266293,-0.266269
-2.427966,2.713835
-1.740775,1.936781
-0.821095,2.136598
-1.110971,-0.897070
-1.836252,1.983461
-2.041971,2.251670
-1.160090,-0.649321
-1.367067,-0.510269
-1.946724,-0.181740
-2.665013,2.886142
-1.930759,0.038401
-1.030625,-0.587583
-1.068967,-0.722468
-2.274582,2.267820
-0.988026,-0.519438
-1.145692,-0.759253
-1.026372,-0.825953
-1.102564,-0.716834
-1.170176,-0.295687
-2.333419,2.044329
-2.352130,1.966859
-1.956516,-0.394863
-0.999782,-0.666720
-2.709374,3.062960
-1.584780,1.944834
-1.584379,2.754193
-1.452610,2.193313
-1.328953,-0.222651
-1.129801,-0.558182
-1.536862,0.209750
-2.122357,2.334001
-2.317987,2.231157
-1.754640,2.308629
-2.179487,1.759535
-1.997004,2.083682
-1.833663,1.981127
-2.295003,2.330788
-2.295962,2.287045
-1.700925,2.283951
-2.017793,1.868379
-1.905253,2.104546
-1.859646,1.984526
-1.291142,3.099315
-1.382461,2.244341
-2.289364,2.041689
-1.335502,3.090885
-1.334016,2.535142
-2.325198,2.054786
-1.067687,2.325320
-1.761537,-0.103670
-1.428687,2.150005
-1.777390,-0.198641
-1.393086,2.976873
-1.279389,2.918611
-1.178144,-0.582398
-1.080832,-0.764631
-2.227496,2.338347
-2.643360,2.226520
-2.199309,1.409614
-1.099275,-0.727312
-2.470920,2.694658
-1.389698,-0.516649
-1.612119,-3.067325
-1.105559,-0.420419
-1.334478,-0.440901
-1.399911,-0.333029
-1.095275,-0.658330
-2.468906,2.931624
-1.191095,-0.766348
-1.086392,-0.797740
-1.741737,0.260101
-1.055830,-0.864197
-0.815490,-0.693036
-1.156206,-0.617990
-1.053083,-0.898638
-1.862749,0.350069
-1.121088,-0.757603
-1.019654,-0.655452
-1.997294,0.364084
-1.469417,0.147492
-2.272445,2.992189
-1.031577,-0.450444
-1.188008,-0.382758
-1.195138,-0.655335
-1.141812,-0.353637
-1.201578,-0.630588
-1.717642,-0.973629
-2.272310,0.526299
-1.167683,-0.783846
-1.139114,-0.725430
-2.514196,2.745390
-2.775051,3.136158
-2.751849,2.643364
-2.802475,2.948818
-2.058244,1.799619
-1.066956,-0.811800
-1.104864,-0.888283
-1.020454,-0.838988
-1.721649,-3.133761
-1.099340,-0.655503
-1.960808,1.735547
-1.034874,-0.888777
-1.000301,-0.924708
-1.008724,-0.864861
-1.666309,-3.091515
-1.054178,-0.676886
-2.018773,1.788870
-1.014484,-0.939069
-0.995737,-0.896020
-1.056361,-0.799033
-1.718836,-3.132546
-1.094527,-0.629960
-1.962790,1.802853
-1.029362,-0.935966
-1.007254,-0.947394
-1.014297,-0.820054
-1.716445,-3.123869
-1.145790,-0.617407
-1.723390,0.086296
-1.348032,2.192887
-1.922808,-0.067116
-1.330302,2.218221
-2.212371,-0.095031
-1.193053,2.377952
-1.713392,-0.302434
-1.170634,-0.256742
-1.024039,2.150612
-2.932950,2.723120
1.087342,0.357255
-2.120971,1.628375
-1.047708,-0.675218
-1.904568,0.075955
-2.163820,1.658988
-1.167675,-0.554362
-1.872905,0.142999
-1.773661,2.429553
-1.701657,2.533649
-2.825773,2.865765
-2.267479,-3.004515
-1.605555,2.307153
-1.538021,-0.229386
-1.772137,2.242348
-1.098538,2.397714
-1.793751,2.827845
-1.046811,-0.746955
-2.186145,0.500344
-2.328636,2.849944
-1.692802,2.737667
-1.248417,-0.221419
-1.022431,-0.313968
-1.111613,-0.465156
-1.474674,0.002284
-1.439348,2.593331
-1.918948,2.421047
-1.859483,2.183192
-2.199762,3.114509
0.890022,0.981522
-2.766362,2.630926
-1.867402,-0.093754
-2.848421,3.053648
-2.200766,2.825051
-1.665830,2.745305
-1.280244,-0.176238
-1.012454,-0.348829
-1.099513,-0.497993
-1.482829,0.043086
-1.386612,2.715181
-1.941759,2.414749
-1.845452,2.089809
-2.029590,3.052960
0.957927,0.944097
-2.722798,2.629924
-1.776024,-0.072235
-2.865769,3.031832
-1.725859,2.169553
-1.177873,-0.633525
-2.539054,2.727387
-2.235985,0.334147
1.153513,0.560510
-1.846471,2.182860
-1.034933,-0.784906
-1.844639,2.894900
-2.018302,2.167132
-1.250905,2.350915
-2.832411,2.754592
-1.384661,2.824833
-2.345041,1.532477
-1.026581,-0.808167
-2.605759,-3.092421
-1.000750,-0.636871
-1.107155,-0.805189
0.718724,1.201125
-0.920897,2.180617
-1.466168,2.378380
-1.390749,-0.180030
-1.623034,2.153866
-2.248848,0.154433
-1.809369,2.096592
-2.082882,0.228184
-1.607571,2.974554
-1.054263,-0.826207
-1.017227,-0.836243
1.182398,0.042498
-1.282304,2.661861
-1.474166,0.159512
-2.299618,2.725819
-1.533254,0.128935
-1.367769,2.496943
-1.016501,2.176879
1.181151,0.147937
-2.023469,2.610164
-1.342498,-0.538923
-1.031524,-0.457398
-1.105723,-0.869094
-1.217776,2.294754
-1.913899,1.961900
-0.906994,-0.989437
1.232467,0.646871
-1.029806,-0.635417
-2.079106,2.524465
-1.199840,-0.817815
-1.947052,2.588443
-0.816862,2.269537
-1.351075,-0.406765
-1.318077,-0.442360
-1.209170,2.176408
-1.006212,2.367802
-1.202717,-0.436796
-1.072497,-0.812395
-1.730454,2.050299
-1.256496,-0.770801
-0.937010,-0.925705
-2.012578,2.034903
-2.582051,2.088622
-1.979612,2.569443
-2.179718,2.684946
-2.422917,2.759129
-1.074016,-0.678327
-2.391474,2.758171
-0.937849,-0.791744
-2.414295,2.741568
-1.006178,-0.736357
-2.406029,2.688968
-1.001015,-0.686953
-2.264373,2.368881
-0.973082,-0.886599
-1.872129,1.968999
-1.082205,-0.257470
-1.208103,-0.247089
1.453952,2.861959
-1.651216,2.590774
-2.302978,2.721668
-1.014993,-0.782674
-2.028064,-0.591955
-2.445085,3.037297
-2.327996,2.906766
-1.334629,0.032848
-2.035254,2.850342
-1.177397,-0.492501
-1.205099,-0.732874
-1.070032,-0.599044
-1.882660,2.972929
-1.163188,-0.277846
-1.984466,2.722487
-1.048275,-0.654907
-1.884165,2.975967
-1.227766,-0.231145
-1.943987,2.628186
-2.125522,2.560117
-1.434712,0.042574
-1.532119,0.134662
-0.996781,-0.865149
-3.035870,2.966625
-1.063745,2.446711
-1.202655,-0.616490
-1.024826,-0.885535
-2.134507,2.014519
-1.004135,-0.604222
-1.256748,-0.788020
-1.748745,2.420187
-2.023823,2.784901
-2.063026,2.399646
-1.020830,-0.922797
-2.066647,2.022551
-0.981169,-0.514973
-1.269383,-0.734379
-1.852552,2.425616
-1.986044,2.798415
-1.991839,2.378018
-1.077208,-0.976283
-2.060808,-0.282078
-2.301856,2.502868
-2.092620,2.282011
-1.906945,2.282138
-1.206584,-0.554493
-1.987600,0.468315
-1.255364,2.729411
-1.863487,2.603437
-2.046946,2.371811
-3.109415,2.918132
-2.859282,2.588072
-2.280340,2.418550
-1.557693,-3.124550
-2.073120,2.706828
-2.082460,1.696866
-1.188781,2.342650
-2.149153,2.813939
-2.137339,2.179641
-2.033453,-2.730160
-1.034867,-0.636785
-1.494927,-0.530924
-2.479332,2.842744
-2.369187,2.870927
-2.358148,2.833730
-2.649982,2.441023
-2.295429,2.973310
-1.060167,-0.736341
-1.668671,2.772033
-2.666452,2.715435
-1.168493,-0.705417
-1.090634,-0.810280
-1.715300,2.144220
-1.391397,2.134963
-2.389330,2.233571
-1.122125,-0.804892
-1.123686,-0.716797
-1.636201,-0.613745
-0.791283,2.210999
-2.846751,2.802588
-1.954241,2.332302
-2.112308,1.398737
-1.986234,2.537220
-1.310689,1.921497
-2.133133,2.913824
-1.780019,1.934400
-2.188014,1.339888
-2.045654,1.509291
-2.572063,1.158982
-2.155171,2.654577
0.889450,0.800740
-2.405228,2.934142
-1.203428,-0.736922
-1.164175,-0.696627
-1.575082,1.897043
-1.107654,-0.778855
-1.631604,1.909174
-1.114183,-0.763183
-2.727565,3.011842
-1.664509,2.603965
-1.192831,-0.487266
-1.432670,2.993742
-1.076412,-0.602208
-0.789163,2.413225
-2.586107,2.313821
-1.108799,-0.522878
-2.707942,-1.363194
-2.036508,2.582838
-1.157294,-0.693590
-2.314515,2.424593
-1.319902,-0.148960
-1.479395,2.626308
-2.712292,2.999443
-1.645289,2.697788
-1.070121,-0.466812
-1.335441,3.070784
-1.127440,-0.611857
-0.832396,2.411087
-2.604569,2.221341
-1.080220,-0.443762
-2.640379,-1.326444
-2.033333,2.628514
-1.068369,-0.776868
-2.266789,2.415985
-1.311806,-0.193932
-1.449454,2.571356
-2.724446,-3.139227
-1.697887,2.557695
-1.192808,-0.362617
-1.458795,2.990454
-1.149774,-0.424439
-0.906998,2.397261
-2.430231,2.036698
-0.888506,-0.521032
-2.633964,-1.352022
-2.066629,2.674814
-1.165075,-0.691665
-2.313400,2.513515
-1.366662,-0.083692
-1.509410,2.580896
-2.678728,3.134506
-1.689893,2.608022
-1.227057,-0.307563
-1.416379,2.934698
-1.124779,-0.548261
-0.841131,2.460207
-2.281664,1.963634
-0.958084,-0.515045
-2.709195,-1.404258
-2.100552,2.610860
-1.082186,-0.769562
-2.403721,2.505810
-1.304269,-0.102125
-1.529659,2.638221
-0.971021,-0.721572
-1.669952,2.184438
-1.066296,-0.616332
-1.671098,2.188898
-1.066461,-0.585844
-1.674272,2.158715
-1.012182,-0.636864
-1.698308,2.155380
-0.956606,-0.736374
-1.700158,2.155448
-2.906729,2.844341
-2.568079,2.705576
-2.293147,2.373059
-1.136795,-0.557420
-0.939064,-0.719736
-1.754535,-0.897528
-0.956210,-0.655241
-1.951426,-2.103803
-1.018692,-0.856440
-1.206815,-0.747464
-1.499295,-0.266189
-1.464725,-0.689052
-2.246898,2.779148
-1.308740,3.005360
-2.268736,2.822777
-1.516580,2.645839
-2.388770,1.638304
-1.994507,2.621066
-2.556216,2.792330
-1.473590,-0.243028
-1.846341,2.637521
-2.065315,2.745842
-2.349031,2.911831
-2.071416,2.643577
-2.218923,2.649490
-2.068686,2.589609
-0.993050,-0.867546
-0.690794,-1.014128
-1.572800,2.247208
-1.120371,-0.680975
-2.306922,2.096435
-1.524705,-0.276717
-2.193631,2.195863
-1.872067,2.674969
-1.117050,-0.357673
-1.141613,-0.792435
-2.702199,-3.126726
-1.273978,-0.474519
-2.278451,2.746367
-2.087413,2.791639
-1.408183,2.874827
-1.375462,-0.288101
-2.597040,3.097086
-1.252808,-0.461693
-2.267016,2.984159
-2.141370,2.863630
-1.360042,2.870832
-1.397011,-0.301597
-1.553026,0.177433
-1.562918,-0.350276
-1.168480,-0.310593
-1.160436,-0.514710
-1.217201,-0.493454
-1.560810,2.233685
-2.364739,2.643300
-2.374692,2.271501
-2.028635,2.732063
-1.733854,2.620452
-2.674859,2.230176
-1.027317,-1.091485
-1.053265,-1.017862
-1.100665,-0.932889
-0.905580,-0.676255
-2.112125,-0.198274
-1.269201,-0.438604
-1.252354,-0.591920
-1.060819,-0.753586
-2.363311,2.807277
-1.448748,-0.149181
-1.077977,-0.487322
-1.256712,-0.671547
-2.027103,-0.731703
-1.508786,2.555660
-0.989015,-0.859374
-2.052733,-0.656110
-2.104855,-0.331854
-2.638583,2.884117
-1.305451,2.647041
-1.061360,2.225821
-2.860846,2.952536
-1.922773,2.752473
-0.928707,2.359760
-2.777161,2.896096
-1.084165,2.600750
-1.109396,2.256909
-2.805907,2.817884
-1.874434,2.928782
-1.166788,2.609974
-2.877017,2.362660
-1.373302,2.726786
-1.158409,-0.795998
-2.597775,2.961670
-1.788747,1.880313
-1.232377,-0.117968
-2.087569,2.810121
-1.784935,2.708491
-2.163386,2.526944
-1.657389,-0.445581
-2.218116,1.160360
-1.063768,-0.842416
-1.960506,2.674735
-2.432907,2.713709
-0.883966,2.459158
-2.866184,2.626000
0.905949,0.887441
-1.665655,2.648987
3.077117,2.754800
-2.439246,2.570633
-2.339119,2.774936
-1.266241,-0.578238
-1.912468,2.774271
-1.736689,1.490648
-1.014742,-0.635037
-1.241863,2.583474
-1.856625,3.016037
-1.222928,-0.150948
-1.091967,-0.316467
-1.862206,2.881508
-1.141803,-0.322661
-1.071773,-0.229706
-2.739389,1.192613
-1.167110,-0.478925
-1.502981,1.499627
-2.636136,1.328903
-1.073143,-0.659142
-0.803762,-0.675045
-2.323000,1.180730
-1.105224,-0.282092
-1.150153,-0.615367
-2.013219,-1.151349
-1.074691,-0.660370
-1.308787,2.019380
-1.885416,0.472211
-1.083626,2.380384
-1.244712,-0.273506
-1.300981,-0.392846
-1.379982,1.979289
-2.312282,2.162937
-1.026596,-0.774237
-1.922816,2.506924
-2.255922,1.420118
-0.943502,2.226730
-1.043228,-0.717900
-0.931881,-0.594889
-1.541976,0.926033
-2.689306,2.857636
-1.032110,-0.813443
-1.383308,2.042489
-1.091179,-0.218475
-1.207445,2.888596
-1.721646,2.701266
-2.020105,2.166062
-1.269039,2.383591
-2.076809,2.584662
-1.900481,1.706136
-1.541309,1.840611
-1.849620,2.254365
-2.954039,2.223395
-1.182517,-0.909980
-1.205304,-0.562501
-1.004143,-0.740282
-1.126163,-0.657064
-1.157448,-0.759329
-1.053716,-0.717156
-1.502270,1.918322
-1.945940,2.249551
-2.996395,2.250288
-1.222479,-0.838371
-1.223325,-0.550193
-1.014475,-0.710968
-1.141160,-0.666306
-1.179474,-0.751918
-0.972126,-0.761484
-1.402151,1.962163
-1.890334,2.310676
-2.978301,2.295871
-1.207133,-0.917174
-1.117952,-0.593096
-1.043061,-0.675639
-1.141634,-0.643339
-1.193947,-0.646003
-0.975099,-0.703192
-1.535966,1.839094
-1.829913,2.213714
-2.900780,2.298830
-1.209674,-0.876991
-1.172467,-0.562460
-1.052745,-0.661318
-1.142291,-0.651302
-1.184841,-0.751833
-0.995527,-0.668369
-2.838543,2.537023
-1.171248,2.302476
-1.163343,-0.668148
-1.633060,-0.183460
-2.753650,2.496756
-1.141052,2.341438
-1.127582,-0.742552
-1.629785,-0.102256
-2.767035,2.505073
-1.299668,2.212580
-1.146081,-0.702059
-1.568939,-0.187405
-2.805498,2.524469
-1.141795,2.378135
-1.134663,-0.763206
-1.613509,-0.127940
-2.150772,2.937193
-1.395902,2.671953
-1.465200,2.443079
-1.664693,2.032090
-1.601251,2.294169
-1.590292,-0.344578
-0.836554,2.305697
-0.983480,2.427886
-2.819778,-3.062287
-1.520727,2.404536
-1.454111,2.444061
-1.657800,1.834265
-1.711162,2.346536
-1.627996,-0.212469
-0.768929,2.225999
-0.987823,2.616853
-2.917544,3.022637
-1.376901,2.693229
-1.426435,2.525422
-1.805144,1.827918
-1.644562,2.300011
-1.606499,-0.425167
-0.766662,2.314846
-1.110495,2.483723
-2.140317,3.091876
-1.258060,2.689394
-1.451993,2.385876
-1.747750,1.775595
-1.613980,2.440046
-1.541116,-0.178821
-1.228509,2.021358
-1.187282,2.611198
-2.112193,2.875023
-1.281371,2.527980
-1.345396,2.522330
-1.707822,2.099262
-1.663645,2.389055
-1.552655,-0.260137
-0.946818,2.392157
-1.047795,2.524308
-2.845635,-3.111988
-1.392513,2.415367
-1.632719,2.571088
-1.655162,2.148940
-1.504960,2.460452
-1.514210,-0.214918
-0.939502,2.144172
-1.066706,2.547002
-3.063750,2.968546
-1.270811,2.607150
-1.266870,2.431016
-1.737864,1.949588
-1.479954,2.388677
-1.575072,-0.565119
-0.845789,2.278451
-1.006003,2.555283
-2.272143,2.832983
-1.255960,2.825153
-1.347402,2.346959
-1.602573,1.903667
-1.596250,2.378732
-1.565067,-0.132213
-1.427952,2.215343
-1.183313,2.624999
