-1.124335,-0.691887,-1.053995,-0.798690
-0.954902,-0.686267,-1.081391,-0.609785
-0.954980,-0.596675,-1.091120,-0.330705
-2.038246,2.317285,-1.937472,2.254744
-1.084840,2.591068,-2.301696,1.678234
-1.226046,-0.715039,-1.097505,-0.649259
-1.251788,-0.676640,-1.144774,-0.646309
-1.869769,1.886840,-2.476561,0.410935
-2.132673,2.541379,1.196018,0.301858
-1.819048,1.892509,-2.531736,0.397367
-2.146350,2.609719,1.154944,0.360622
-2.177254,2.004773,-2.512375,0.427819
-2.080906,2.546046,1.207125,0.243209
-2.190792,1.864233,-1.435667,2.380819
-2.118310,1.874406,-1.437011,2.363141
-2.175496,1.892960,-1.491208,2.383379
-2.167038,1.961007,-1.538117,2.386802
-1.154965,-0.696658,-1.104082,-0.627368
-2.254095,2.224301,-1.365559,1.858425
-1.047417,-0.698675,-1.342139,-0.051643
-1.070435,-0.839933,-1.198662,-0.655741
-2.293312,1.652228,-2.157640,2.379570
-1.123674,-0.717549,-1.035725,-0.690837
-2.284010,2.257579,-1.326379,1.800176
-1.116320,-0.663972,-1.389364,-0.004275
-1.050588,-0.825281,-1.135347,-0.698465
-2.263449,1.734432,-2.164812,2.133367
-2.141299,2.086541,0.976742,0.779062
-2.757110,2.370935,0.923348,0.641439
-1.616189,-1.489787,-1.745227,1.132585
-2.618704,2.032160,1.020867,0.629116
-2.153437,1.967925,-2.216372,2.292428
-1.214684,-0.384307,-2.827068,1.267409
-2.256793,2.237098,0.904136,0.750650
-0.991473,-0.807778,-1.110299,-0.789670
-1.706056,2.180895,-1.458485,1.872794
-2.114239,2.605074,-1.357785,2.037998
-2.210293,2.162178,-1.426641,2.048357
-2.015444,1.997202,-1.519236,2.141999
-1.137729,2.582396,-2.552995,2.209070
-2.741042,2.748525,-1.421263,2.554961
-1.131913,-0.813694,-1.067826,-0.506046
-1.162438,2.611090,-2.594242,2.201555
-2.645418,2.848369,-1.389662,2.567712
-1.067767,-0.853114,-1.030193,-0.643878
-1.243559,-0.866812,-1.239574,-0.908988
-2.148932,2.534995,-1.490318,1.922010
-1.214413,-1.044478,-1.010565,-0.972017
-2.186675,2.722415,-1.819752,2.066523
-1.598233,1.650730,-1.341609,2.277152
-1.061849,-0.744676,-1.074740,-0.717094
-1.366559,-0.295122,0.821431,1.085196
-2.175722,2.136019,-1.962134,2.010836
-2.240032,2.257694,-2.668606,1.697747
-2.243960,2.256938,-2.667419,1.700438
-2.101071,2.252026,-2.385234,2.398664
-1.946954,2.178850,-2.321138,2.216864
-1.141490,-0.760342,-1.128945,-0.621389
-0.930228,-0.864932,-1.042684,-0.640262
-2.453478,2.938679,-1.526168,1.836418
-1.622473,1.944851,-0.935554,-0.635030
-0.924586,-0.861678,-1.051105,-0.647414
-2.470316,2.933057,-1.522427,1.829790
-1.620371,1.945688,-0.932934,-0.646538
-0.986249,-0.225972,-1.968984,0.473702
-2.075510,-0.901866,-1.530968,-0.732433
-1.162528,-0.229755,-1.816069,0.304415
-2.330275,-0.791335,-1.494476,-0.964751
-1.875835,-0.341959,-2.700165,-3.091010
-2.279112,2.276443,-1.256053,2.511638
-2.097525,2.100157,-1.581073,1.737107
-0.985788,-0.670071,-1.946293,0.394128
-1.624665,1.867176,-1.086216,2.218746
-1.714937,2.985557,-1.575108,2.249228
-1.090791,-0.762329,-2.611173,1.678913
-1.955285,2.142317,-1.748577,1.818256
-1.435806,-0.849808,-1.401584,-0.462655
-1.930740,1.985449,-2.117663,1.581463
-1.098495,-0.818660,-2.481295,1.496545
-1.920782,2.037005,-1.727609,1.842006
-1.425179,-0.845636,-1.433494,-0.490431
-1.948611,2.045875,-2.162646,1.556151
-1.032029,-0.857277,-0.995751,-0.749846
-1.067387,-0.776622,-0.958284,-0.825291
-1.217050,-0.745424,-1.089187,-0.724013
-2.321795,-3.105080,-1.816390,-0.681478
-1.736545,1.973927,-1.715475,2.428049
-2.310230,-3.087536,-1.860558,-0.640500
-1.731102,1.961527,-1.701626,2.490365
-1.161584,-0.778920,-1.150361,-0.667125
-1.674919,1.916118,-0.965861,2.211517
-2.227379,2.032573,-1.731846,1.569606
-1.900722,2.731922,-0.958022,-0.601579
-1.891268,2.737991,-0.975628,-0.556573
-1.721390,1.760735,-1.283964,-3.051402
-1.746783,2.020703,-1.397171,3.138939
-1.287526,2.688650,-1.766616,2.219361
-1.369183,2.668889,-1.749164,2.197171
-2.182579,2.493719,-2.301734,1.994534
-2.099324,1.938635,-1.790551,2.059341
-1.387891,2.479043,-0.877155,2.304468
-1.789390,0.119145,-2.855372,3.083774
-1.463133,1.820047,0.657336,1.457675
-1.664802,2.439567,-1.412864,1.520554
-2.036715,2.397611,-2.636348,2.843514
-1.131919,-0.766800,-1.106022,-0.672884
-1.213967,-0.791386,-2.470468,2.015940
-1.216869,-0.761121,-2.501088,1.937858
-1.832020,1.940965,-1.645612,1.770867
-0.951277,2.347729,1.351723,-0.048635
-1.117033,-0.874073,-1.026631,-0.742347
-1.241637,2.264246,-1.591901,1.844239
-0.986434,-0.680747,-1.115032,-0.708140
-1.815401,2.204683,-2.211031,2.913546
-1.000119,-0.681361,-1.106657,-0.729688
-1.804781,2.180593,-2.164167,2.911938
-2.823326,2.747935,-1.965606,2.453647
-2.682719,2.745171,-1.874317,2.124505
-1.824974,-0.172989,-2.991101,3.013811
-1.265530,-0.091649,-1.882539,-0.013598
-0.677322,-0.544178,-1.438425,-0.639400
-2.705953,2.704182,-1.792603,1.911770
-1.849854,0.230033,-1.077046,2.441553
-1.496139,-0.103300,-1.525805,1.689329
-1.126519,-0.893256,-0.977018,-0.900527
-1.873435,2.297111,-1.855744,1.662098
-1.211051,-0.627572,-1.785588,0.127100
-2.227081,2.214431,-2.038253,2.436607
-1.105626,-0.798667,-1.343747,-0.755531
-2.054896,2.230310,-1.440844,1.717351
-1.720448,0.119596,-1.325597,2.114687
-2.094065,2.646710,-1.621072,1.913375
-2.167315,2.240448,-1.501372,1.723701
-1.610489,-0.032573,-1.205014,1.929909
-1.745975,2.601772,-1.536131,1.931811
-1.398428,2.460243,-1.109817,2.781763
-1.172755,-0.339052,-1.741077,-0.695248
-1.701495,2.351918,0.855464,-1.940409
-1.469319,2.686271,-1.592621,2.382521
-1.052638,-0.791893,-1.065970,-0.581245
-2.236380,2.298819,-1.602791,1.593086
-1.796028,2.022422,-1.824241,-3.124525
-1.853859,2.051242,-1.917351,2.846700
-2.398193,2.357698,-2.567155,-2.943707
-2.068349,2.270311,-1.521257,1.515249
-1.095056,-0.670028,-1.151598,-0.761931
-1.311475,-0.714912,-1.100088,-0.603164
-1.066177,-0.741543,-1.422924,-0.366810
-2.154189,2.127268,-1.615539,-3.112289
-1.067775,-0.412887,-1.601267,-0.154220
-1.226362,-0.306974,-2.157182,0.400134
-2.212170,2.162839,-1.703191,-3.106118
-1.079612,-0.476776,-1.572120,-0.143727
-1.279690,-0.218205,-2.230711,0.475917
-2.159915,2.134188,-1.684159,-3.097979
-1.113784,-0.463683,-1.538817,-0.201202
-1.220798,-0.281742,-2.261064,0.429555
-2.208638,2.122393,-1.604361,-3.051124
-1.059652,-0.485124,-1.565629,-0.186669
-1.175740,-0.268153,-2.253431,0.463806
-1.074438,-0.822521,-1.134081,-0.382447
-1.145038,-0.718416,-1.114802,-0.630590
-1.165059,-0.771857,-1.091199,-0.618189
-1.391135,3.007305,0.988208,0.550455
-1.204582,2.108613,-1.142935,2.403521
-1.852950,2.258306,-1.470535,1.988172
-1.888272,2.216181,-1.585951,2.045614
-1.358876,-0.611613,-1.217603,-0.626459
-1.163821,-0.797570,-0.967117,-0.723699
-1.899963,2.048390,-2.041704,2.677554
-1.953607,2.054912,-2.050088,2.681331
-1.072729,-0.657106,-1.222757,-0.312774
-2.061378,0.449714,1.081499,0.651078
-1.131746,-0.755471,-1.010928,-0.760613
-1.053410,-0.795316,-1.082247,-0.700848
-1.052963,-0.758636,-1.064813,-0.753887
-1.092236,-0.776695,-1.053886,-0.672242
-1.938633,1.752260,-1.782837,1.842177
-2.066846,1.728570,-1.684630,1.676551
-1.914891,1.705750,-1.740925,1.912031
-2.079172,1.764235,-1.727068,1.671480
-2.027341,2.062356,-1.798510,1.803713
-2.024014,2.076919,-1.794930,1.739059
-2.129190,0.312352,-1.153259,2.656223
-2.091113,0.359376,-1.238627,2.649823
-2.335329,2.271300,-2.096525,2.219465
-2.217861,2.328540,0.928212,0.802463
-1.849932,2.076834,0.779342,0.865069
-2.051988,2.262755,-1.965352,2.236457
-1.782303,2.161680,-1.778908,1.925215
-0.972878,-0.780884,-1.390945,-0.445453
-0.966692,-0.777233,-1.370099,-0.469342
-0.997431,-0.825215,-1.362316,-0.428908
-1.060529,-0.812198,-1.082375,-0.793663
-2.005937,2.249366,-1.682347,2.340895
-1.213261,-0.755571,-1.119862,-0.673640
-1.053738,-0.830496,-1.048188,-0.702444
-1.114811,-0.813299,-1.054048,-0.718601
-1.055906,-0.811518,-1.079188,-0.660994
-1.054307,-0.851584,-1.057729,-0.674154
-1.064339,-0.842010,-1.050533,-0.714258
-1.082170,-0.831541,-1.061024,-0.660932
-1.097773,-0.785617,-1.072712,-0.695126
-1.084115,-0.781255,-1.081014,-0.696177
-1.070276,-0.834863,-1.022878,-0.736464
-1.080177,-0.797554,-1.070177,-0.683220
-1.088233,-0.834201,-1.035842,-0.717012
-1.123143,-0.777244,-1.068806,-0.692474
-1.093608,-0.796379,-1.068318,-0.658975
-1.094741,-0.832018,-1.051875,-0.679732
-1.036667,-0.780236,-0.908672,-0.808214
-1.083730,-0.767882,-0.899621,-0.823586
-1.015695,-0.739040,-1.153144,-0.720547
-1.150532,-0.673262,-1.058716,-0.739102
-1.073051,-0.369916,-1.588473,-0.151737
-1.448655,1.948573,1.033986,0.550522
-1.567633,1.892134,1.103220,0.520585
-2.266938,1.825889,0.968802,-2.048263
-1.096717,-0.773619,-1.230291,-0.536917
-1.080000,-0.741123,-1.303816,-0.539869
-1.041442,-0.804640,-1.196976,-0.481138
-2.553201,2.468296,-2.727046,1.376487
-1.984138,2.163752,0.795291,0.900396
-2.655019,2.728345,-1.936029,2.351199
-2.106217,1.939646,1.010019,0.676239
-2.208650,2.277531,-1.987084,2.811264
-2.122550,2.020645,0.974906,0.662402
-2.264623,2.142707,-1.885031,2.730083
-2.064421,1.983916,0.993126,0.630349
-2.224913,2.294037,-1.962070,2.762014
-2.019118,2.037781,0.981330,0.661434
-2.250858,2.229915,-1.929385,2.732980
-2.205208,2.818882,-1.721858,3.128403
-1.077694,-0.740137,-1.160986,-0.483341
-1.075951,-0.688841,-1.102060,-0.550256
-1.268333,-0.511420,-2.516555,1.701183
-2.087443,2.157750,-1.508873,1.966750
-2.046291,2.119981,-1.819930,1.790613
-1.784400,-0.757800,-2.083750,1.864620
-2.024585,2.173589,-1.765753,1.931451
-1.998365,2.207399,-1.841217,1.934471
-2.056718,2.152440,-1.840727,1.917099
-2.035745,2.122956,-1.791959,1.971167
-2.289689,2.244278,-2.261733,2.707563
-0.980940,-0.500545,-1.583517,0.198152
-2.105720,0.073817,-1.486521,3.096880
-2.212112,3.028137,1.338697,0.156865
-2.155578,1.476099,-1.867030,2.128509
-0.989496,-0.533116,-1.527828,0.193315
-2.187464,0.151777,-1.530669,3.071827
-2.179975,2.986982,1.350877,0.127229
-2.162904,1.417973,-1.793530,2.080214
-1.326911,2.187457,-1.668716,2.009930
-2.106857,2.623547,-2.073015,3.116282
-1.869384,2.070349,-1.248315,1.282583
-1.061490,-0.762695,-1.215323,-0.529421
-1.802723,0.238074,1.018827,0.483493
-1.075262,-0.785097,-1.183624,-0.506363
-1.803833,0.222739,0.992873,0.486126
-2.416087,2.228233,-2.380467,1.323525
-2.148337,2.769713,-1.248598,2.459193
-1.580408,2.249929,-0.788195,2.102325
-2.265236,2.048513,1.001939,0.685271
-1.625295,2.093353,-1.469144,1.452569
-1.088912,-0.820524,-1.148463,-0.640802
-1.511281,2.348648,-1.250935,2.827289
-2.355516,2.717276,-1.928132,2.104447
-1.163981,2.205582,-1.531201,-0.487211
-1.672920,2.368572,-1.383282,1.746948
-2.462542,2.013967,-2.682842,3.040857
-2.026743,2.212363,-2.153923,2.029637
-2.365295,2.215898,-1.513826,2.454880
-0.929995,2.366071,-2.765212,2.901586
-0.938082,2.428472,-2.803009,2.926591
-2.520558,2.706733,-1.660800,2.297019
-2.141173,2.166659,-2.054331,2.655254
-1.643953,-0.863966,-1.909045,2.589432
-1.709436,-0.769103,-2.014479,2.514208
-1.995549,2.676454,-1.532328,3.128539
-1.955094,0.323649,-2.247504,2.782973
-1.118867,-0.809057,-1.153728,-0.625511
-1.894767,-0.247088,-2.777834,3.139473
-2.276269,2.272398,-1.260519,2.529013
-2.267110,2.165520,-1.676485,2.298574
-2.231438,2.046263,-1.621195,2.330508
-2.150802,2.167666,-1.667249,2.298946
-1.942244,2.214528,-1.746538,2.593771
-1.948030,2.214791,-2.008865,2.396016
-1.985087,2.225693,-1.989958,2.392989
-1.998059,2.236502,-1.548180,3.126243
-1.150298,-0.744434,-1.023303,-0.768927
-1.144193,-0.610608,-1.308299,-0.443529
-1.100005,-0.791498,-1.187828,-0.631064
-1.089186,-0.754276,-1.072524,-0.675445
-1.069350,-0.639212,-1.293137,-0.425922
-1.024093,-0.775552,-1.198631,-0.581236
-0.957194,2.553393,0.896207,0.683902
-1.593403,-0.365581,-2.930083,2.867845
-1.286243,-0.969993,-2.932148,3.036543
-1.325803,2.039779,-2.414762,1.957297
-1.552502,1.490123,-1.684168,-0.547229
-1.727291,1.961823,-1.378041,-0.743265
-1.855047,2.301642,-2.031470,1.414402
-1.882443,2.366210,-2.055106,1.389828
-1.888978,2.367599,-2.125297,1.532818
-1.364408,1.617874,-1.560098,0.218664
-1.416261,1.740411,-1.612097,-0.059176
-1.378059,1.541014,-1.291946,-0.003546
-2.040960,1.872432,-1.544043,1.618466
-1.079283,-0.847795,-1.114626,-0.637870
-1.645318,2.257385,-1.632044,2.726599
-1.154646,-0.716168,-1.115774,-0.542143
-1.827882,1.962415,-1.527151,-3.023588
-1.972760,2.048686,1.019137,0.653234
-1.456420,1.393248,-1.865392,0.377749
-1.158864,-0.845477,-1.126270,-0.749033
-1.140361,-0.801908,-1.084173,-0.714778
-0.991634,-0.743700,-1.140231,-0.577012
-1.472779,2.899596,-1.341880,1.699054
-2.189798,2.112657,-2.157389,2.581159
-1.437970,2.504756,-1.423104,1.066625
-2.160653,1.662460,0.665349,1.090485
-1.891029,2.239790,-1.423139,2.358266
-1.900133,2.204621,-1.436654,2.378570
-2.073807,2.121766,-1.740097,3.137425
-2.195696,2.714178,-2.005156,2.127162
-2.015300,2.519792,-2.491946,2.559998
-1.375136,-0.679970,-1.214971,-0.464084
-1.674905,2.321432,-1.482145,1.626998
-1.141717,-0.685800,-1.093739,-0.663617
-1.976959,2.167869,1.178552,0.499567
-1.990083,2.194087,1.113730,0.561891
-1.933424,2.193092,1.135542,0.575220
-1.945759,2.093919,1.226334,0.608095
-1.058365,-0.853987,-1.147275,-0.656947
-1.152148,-0.829436,-1.170581,-0.641546
-1.386453,2.275735,-1.788924,2.288679
-2.116930,2.692989,1.000420,0.577302
-1.292178,2.329121,-1.889009,2.355280
-2.082779,2.763203,1.024206,0.525328
-1.589142,-0.470423,-0.981667,2.599667
-1.897001,2.677130,1.132313,-1.939310
-1.906369,2.704213,1.082379,-2.062976
-1.114568,-0.833003,-1.131900,-0.610810
-1.034008,-0.825092,-1.198605,-0.567073
-0.981225,-0.871810,-1.112443,-0.708458
-2.094040,2.083442,0.878591,0.701253
-2.477607,2.209870,-1.399477,3.001448
-1.728889,2.281099,-1.004857,2.243198
-1.187185,-0.305703,-1.902032,0.214083
-0.967224,-0.893061,-1.202314,-0.522917
-1.345101,2.388854,-1.082076,2.294787
-1.212008,-0.282722,-1.970755,0.282939
-1.113551,-0.965188,-1.032713,-0.698094
-1.270532,2.324508,-0.949804,2.146493
-1.236339,-0.290836,-1.973083,0.288752
-1.033768,-1.081004,-0.992313,-0.726639
-1.749620,2.352939,-1.123243,2.181856
-1.195019,-0.327704,-1.875345,0.231446
-0.963300,-0.820359,-1.261897,-0.529810
-1.106078,-0.674875,-1.051196,-0.988533
-1.279399,2.242287,-2.221666,1.715727
-1.057885,-0.852101,-0.917387,-0.745304
-1.695684,0.078464,-2.263852,1.630194
-1.640678,2.233791,-1.625653,-0.694711
-1.126798,-0.709895,-1.111387,-0.762787
-1.579715,2.063903,-1.440275,-0.678768
-1.140419,-0.819624,-1.125826,-0.673313
-2.128275,1.799919,-1.966043,1.920973
-0.995359,-0.701483,-1.627831,0.426499
-1.779362,-0.427263,-2.772751,2.803591
-1.159392,-0.631432,-1.455592,-0.284967
-2.134455,-0.009108,-1.368493,-0.544589
-1.877034,2.308835,-1.482921,2.864427
-2.340740,1.558940,0.406780,1.807790
-1.092265,-0.788827,-1.326149,-0.620041
-1.090222,-0.823571,-1.272588,-0.626647
-2.041928,2.009018,-1.773064,2.136452
-2.047673,1.976710,-1.753792,2.113092
-2.057818,1.982428,-1.763976,2.140338
-2.024297,2.077422,-1.791973,2.207333
-1.934756,1.956308,-1.715649,1.878877
-1.827356,2.350132,-2.175536,2.413755
-1.847834,-0.270802,-2.765765,-3.077925
-1.234046,-0.208870,-1.662300,-0.269430
-2.062162,2.747761,-1.839949,2.139872
-2.333865,2.900108,0.772073,-2.119428
-0.972130,-0.660436,-1.630614,0.404122
-1.036317,-0.724694,-1.557375,0.382515
-1.699219,2.512933,1.084640,0.604611
-1.625329,2.523861,1.023801,0.683269
-1.058317,-0.670690,-1.080649,-0.915642
-0.954572,-0.945871,-1.129655,-0.642495
-1.953241,2.239582,-2.362972,1.936216
-1.179568,2.356728,-1.751679,2.085326
-1.537032,2.649309,0.888808,0.796198
-1.979042,2.353342,-1.245634,2.763467
-2.008660,-0.691733,-2.532740,2.031522
-2.931269,2.633683,-1.186875,2.552697
-1.051651,-0.709838,1.021416,0.700406
-1.304611,-0.607939,-1.135798,-0.800501
-2.029647,1.972506,-1.124790,2.199899
-1.847625,2.102226,-1.433118,2.001984
-1.409968,-0.632079,-1.283310,2.628311
-1.513764,2.052268,-1.401038,1.898650
-2.099674,2.771809,-1.602011,1.681978
0.909899,0.361500,1.023107,0.523068
0.887005,0.386907,1.006549,0.509636
-2.025434,2.266556,-1.472579,2.701841
-2.306577,0.195909,-1.495870,-0.242739
-1.269852,2.336149,-1.223181,3.140929
-0.891811,-0.392145,-1.262760,-0.263085
-1.041363,-0.624378,-0.916925,-0.362708
-1.265856,-0.935512,-1.274731,-0.714922
-2.225093,2.361945,-1.723001,1.995648
-1.663188,2.324407,-2.026080,2.489900
-1.107444,-0.438046,-1.588826,0.067585
-1.290414,-0.873116,-1.413063,2.037369
-1.236583,-0.892299,-1.412071,2.027516
-1.458794,1.996554,-1.517292,2.222672
-1.209874,-0.724993,-1.209502,-0.287481
-1.094383,-0.626690,-1.166980,-0.761325
-1.861866,0.190009,-1.344843,2.892558
-1.273621,-0.768776,-1.523471,-0.499265
-2.021877,2.331673,-1.014548,2.548085
-1.126440,-0.697180,-1.240659,-0.798782
-1.357047,2.242104,-1.393385,1.551758
-2.010493,2.291212,-1.020048,2.532553
-1.095503,-0.656452,-1.249718,-0.766404
-1.277603,2.282767,-1.393233,1.638927
-1.956334,2.319843,-1.025898,2.519361
-1.102361,-0.668146,-1.250400,-0.726719
-1.557316,2.344632,-1.349635,1.653950
-2.105851,2.335530,-0.960026,2.519259
-1.180118,-0.681121,-1.253098,-0.781056
-1.380147,2.193267,-1.289316,1.671572
-2.232714,2.337231,-1.382788,1.905376
-1.155177,-0.605139,-1.082796,-0.754343
-1.039613,-0.959271,-1.169339,-0.586082
-2.529946,2.659285,-1.693715,3.034328
-1.052640,-0.740970,-1.065505,-0.853132
-1.114063,-0.712785,-1.107458,-0.816732
-1.073693,-0.813773,-1.023899,-0.740384
-1.033310,-0.768857,-1.105506,-0.705437
-1.188363,-0.360426,-1.842685,0.135727
-1.171350,-0.717364,-2.759409,0.489610
-1.060210,2.821114,-1.349143,-0.169600
-2.329136,2.772280,-2.806212,2.951963
-1.093010,2.921536,-1.445973,-0.129335
-2.295227,2.717857,-2.752613,3.009831
-1.563584,2.468309,-1.822496,-1.572976
-1.814505,2.337004,-1.664838,-0.731307
-1.397580,1.991801,-2.616505,1.660037
-1.330699,2.000574,-2.758792,1.478279
-2.040587,2.579293,-2.713839,2.676084
-1.061474,-0.696466,-0.957840,-0.664931
-1.017280,-0.734428,-1.254031,-0.294909
-2.204781,2.373463,-1.896186,1.687555
-1.840364,2.258908,-1.808489,2.876612
-1.585421,2.101609,-1.397762,2.882938
-1.982844,2.043629,-1.986234,1.221803
-1.133212,-0.736643,-1.019223,-0.750706
-0.992718,-0.771948,-1.159733,-0.580643
-1.125797,-0.717076,-1.123288,-0.562568
-2.046906,2.183124,-1.162927,2.215307
-2.205251,2.378388,-1.692000,-3.045466
-2.248017,2.163158,-1.420857,2.016549
-1.756725,1.866615,-2.511520,-3.104105
-1.818249,1.870777,-2.487824,-3.139555
-1.856832,2.299431,-1.367063,2.692123
-1.597375,1.815081,-1.787841,-0.262388
-2.287873,2.076186,-1.412015,2.622465
-0.915254,-0.717429,-1.145558,-0.818604
-0.997846,-0.644018,-1.326683,-0.510745
-1.335669,-0.749324,-2.282526,1.344537
-1.452229,-0.198047,-1.815962,1.777811
-0.905878,-0.719163,-1.109590,-0.706921
-1.413662,-0.199415,-1.767483,1.785261
-0.848886,-0.827728,-1.039760,-0.738125
-1.413597,-0.117578,-1.909056,1.767130
-0.854664,-0.749947,-1.099178,-0.609557
-1.497718,-0.055883,-1.937525,1.763304
-0.928562,-0.736201,-1.147302,-0.609725
-1.075850,-0.800416,-1.027349,-0.748851
-2.582218,2.422442,-1.449531,1.908010
-2.099889,2.071908,0.917235,0.577982
-2.086275,2.067216,0.924667,0.540125
-1.907486,1.932557,-1.259738,-0.535958
-2.514032,2.536976,-1.798315,1.705574
-1.564749,2.301902,-1.484783,1.655461
-1.906972,1.987201,-1.316873,-0.358988
-2.679667,2.555076,-1.812866,1.801539
-1.683900,2.271876,-1.513192,1.615209
-1.284981,-0.279606,-1.075061,-0.670843
-1.244978,-0.353843,-1.020535,-0.678734
-2.091946,2.229371,1.076957,1.038522
0.595677,-3.101766,-2.839308,-2.985120
-1.106299,-0.845770,-1.057497,-0.678125
-1.132760,-0.725519,-1.016172,-0.760286
-1.443885,2.296903,-1.546859,2.522563
-2.368627,2.181254,-1.391445,2.730399
-2.393940,2.180631,-1.442915,2.738607
-2.203900,2.228517,-1.267806,2.444622
-1.211740,-0.181875,-1.857809,0.339637
-2.424869,2.234856,1.004577,0.737012
-2.128055,2.268520,-1.944354,2.748974
-1.079634,2.630716,-2.228371,0.142683
-1.088616,-0.762534,-0.952020,-0.858149
-2.292644,2.263882,2.396868,-0.689141
