-1.382531,2.677167,-1.135716,2.825616
-1.134029,-0.771239,-1.097244,-0.759190
-1.116094,-0.738982,-1.073510,-0.670859
-1.167646,-0.387025,-1.359979,-0.176223
-1.064327,2.683816,-1.055442,2.373712
-1.161277,-0.662143,-1.329056,-0.866682
-1.611318,3.015173,-1.100005,2.164402
-1.024867,-0.674767,-1.280708,-0.953825
-1.914609,-0.170479,-2.386522,2.535926
-0.942464,-0.656182,-1.112378,-0.640065
-1.779039,-0.215158,-1.020505,2.223930
-1.867092,-0.277217,-2.264013,2.672930
-1.265989,-0.554986,-1.038329,-0.491516
-1.750586,-0.154521,-1.112270,2.323881
-1.761578,-0.366018,-2.189483,2.613115
-0.957949,-0.318624,-1.193935,-0.375434
-1.668000,-0.339954,-1.037342,2.398737
-1.018388,2.263248,-1.960157,-0.956094
-0.999482,-0.562100,-1.620471,0.093041
-1.138434,-0.585929,-1.515065,0.104250
-1.031422,-0.754688,-1.317221,-0.639933
-1.022478,-0.621261,-1.046135,-0.645025
-1.168667,-0.867443,-1.217728,-0.590653
-1.060086,-0.785522,-1.267935,-0.568705
-0.974346,-0.693436,-1.036020,-0.641319
-1.246174,-0.786945,-1.123957,-0.769487
-1.098791,-0.844427,-1.191566,-0.631854
-1.003792,-0.610967,-1.083572,-0.694754
-1.172902,-0.910357,-1.177756,-0.597217
-1.046987,-0.716359,-1.281629,-0.605516
-1.041167,-0.647255,-1.069662,-0.685525
-1.159525,-0.941277,-1.129930,-0.869382
-1.042376,-0.721003,-1.192695,-0.747806
-1.076013,-0.682195,-1.017726,-1.006254
-1.012592,-0.782841,-0.993368,-0.950710
-0.985868,-0.811232,-0.989150,-0.863539
-1.101861,-0.672034,-1.140149,-0.684933
-1.076576,-0.763507,-1.041841,-0.665133
-1.816377,2.731023,-2.369112,3.091403
-1.417253,2.419814,-2.338213,2.034615
-1.086029,-0.645161,-1.110101,-0.375476
-1.154120,-0.603968,-1.070142,-0.759750
-1.307624,-0.540164,-1.069305,-0.784784
-1.771107,0.164392,-1.833769,2.802556
-1.621358,0.011002,-1.676051,2.778062
-1.155775,-0.734382,-1.149103,-0.730898
-0.882207,-0.786786,-0.939969,-0.684366
-1.506706,0.004952,-2.404098,2.385860
-1.942578,-0.019576,-1.065191,-0.936754
-1.162015,-0.648130,-1.085193,-0.538004
-1.781430,-0.771247,-1.524820,-0.178004
-1.471567,2.453959,-1.317210,2.084357
-1.124042,-0.687316,-1.069135,-0.728953
-1.290883,-0.707409,-2.465732,1.289165
-1.189525,-0.706644,-1.149214,-0.782991
-1.558334,1.997183,-1.255551,2.458640
-1.162940,-0.654082,-1.109266,-0.773200
-1.013412,-0.764894,-1.132104,-0.604219
-1.079901,-0.704780,-1.189953,-0.690338
-0.966193,-0.777128,-1.197084,-0.638355
-1.148993,-0.665966,-1.114257,-0.763476
-1.011720,-0.887151,-1.087856,-0.625759
-1.138844,-0.684489,-1.174435,-0.612909
-1.000207,-0.781969,-1.194362,-0.596905
-1.060874,-0.756503,-1.039118,-0.796693
-0.968252,-0.789284,-1.056082,-0.769227
-1.145197,-0.700286,-1.205060,-0.636416
-1.081473,-0.748237,-1.254840,-0.544698
-1.093631,-0.646551,-1.122914,-0.793719
-0.979857,-0.828245,-1.117335,-0.657079
-1.109475,-0.693312,-1.188903,-0.676613
-1.019004,-0.761000,-1.230983,-0.700743
-1.113035,-0.429036,-1.821046,-0.015283
-2.391084,3.017879,-1.943283,2.190269
-2.380244,3.024631,-1.940713,2.149716
-1.071953,-0.754126,-1.198530,-0.623679
-1.134628,-0.653242,-1.204604,-0.660134
-1.185267,-0.753946,-1.126472,-0.593562
-1.103271,-0.640724,-1.231162,-0.800735
-1.060853,-0.605139,-1.348250,-0.634155
-1.146142,-0.800578,-1.059821,-0.533968
-1.068793,-0.666610,-1.282053,-0.819870
-1.159732,-0.651582,-1.304598,-0.570494
-1.100488,-0.774986,-1.096364,-0.701344
-1.014237,-0.878609,-1.075685,-0.746173
-0.977489,-0.864361,-1.223016,-0.517933
-1.021683,-0.474476,-1.179680,-0.224950
-1.530084,-0.701728,-2.626799,2.449447
-1.155001,-0.639889,-1.326219,-0.151127
-2.062380,2.225622,-1.787631,1.985526
-1.954616,2.132659,-1.656366,1.917920
-0.849959,-0.694716,-1.035294,-0.427516
-0.972065,-0.814140,-1.178610,-0.488515
-1.161492,-0.798072,-1.064975,-0.648856
-0.551446,-1.172002,-1.540882,0.002222
-1.527155,0.204104,1.051231,0.965141
-0.547650,-1.169940,-1.526122,-0.023573
-1.521314,0.194123,1.053084,0.971429
-2.047818,2.564955,-2.106134,2.500923
-1.991204,2.597661,-2.089252,2.425069
-1.835680,2.788601,-2.079437,2.078988
-1.339647,2.594377,-1.138025,2.581170
-1.138983,-0.585823,-1.094173,-0.753276
-2.163475,2.018458,-1.882365,2.207001
-2.149065,2.029357,-1.891956,2.186475
-1.369359,-0.493548,-1.170557,-0.715673
-1.235972,-0.694157,-1.263373,-0.494980
-1.015276,2.271932,-2.301037,2.410956
-1.245857,-0.642341,-0.820377,-0.973768
-1.111700,-0.749435,-1.120734,-0.714614
-0.942176,2.141948,-2.330762,2.228860
-1.304292,2.021034,-1.784404,-0.298165
-1.182065,-0.408292,-1.247557,-0.251768
-1.172450,2.359766,-1.334683,2.269506
-1.914488,2.472997,-2.364825,2.412043
-1.995437,1.993649,-1.690308,1.917073
-1.274058,-0.492918,-1.134422,-0.457858
-1.360019,2.515613,-2.257302,2.229193
-1.206075,-0.460803,-2.176416,2.626502
-1.064905,-0.802579,-1.068301,-0.695060
-1.873094,2.126042,-1.680010,-0.214546
-2.129165,2.095018,-2.390814,2.526757
-2.028838,2.164855,-2.513197,2.251970
-1.058638,-0.622429,-1.280010,-0.340177
-1.262785,-0.511606,-1.276975,-0.487614
-1.138133,-0.769758,-1.106607,-0.803496
-1.173977,-0.588573,-1.085217,-0.761317
-1.062852,-0.852598,-1.036215,-0.862798
-1.193605,-0.574716,-1.086735,-0.750159
-1.973217,2.023132,-2.048379,2.234364
-2.532930,2.803467,-1.154872,2.225496
-1.052689,-0.820945,-1.027043,-0.742921
-1.055380,-0.837306,-0.984142,-0.738862
-1.210070,-0.664555,-1.138134,-0.718011
-1.238824,-0.549678,-1.070442,-0.771888
-1.072026,-0.878019,-1.151572,-0.632174
-1.348371,2.065801,-1.634349,2.143604
-1.167562,-0.635278,-1.127337,-0.770958
-1.246138,-0.647046,-1.070374,-0.864950
-1.130258,-0.791446,-1.050527,-0.669326
-1.118707,-0.761318,-1.008685,-0.805956
-1.132875,-0.536227,-1.690115,-0.389560
-1.317247,-0.564640,-1.539922,-0.407794
-1.119074,-0.590012,-1.406636,-0.272883
-1.189751,-0.546000,-1.047003,-0.899675
-1.597626,1.546020,-1.303592,-0.703787
-1.007184,-0.547576,-1.103135,-0.318675
-1.439614,-0.216277,1.167342,0.827221
-1.064796,-0.771391,-1.028177,-0.661038
-1.125214,-0.711878,-1.056451,-0.676416
-1.630125,1.455830,-1.175442,-0.658037
-1.194664,-0.433381,-1.362258,0.133125
-1.340073,-0.093596,1.040263,0.854931
-2.109560,2.259898,-2.320368,3.023011
-0.984355,-0.709503,-1.120352,-0.502650
-1.165667,-0.649091,-1.121913,-0.646946
-2.636755,2.242782,-2.447200,2.460946
-1.320179,-0.051132,-1.438436,-0.434964
-1.340757,2.713892,-1.422159,2.102509
-2.074162,2.306386,-2.329533,2.963785
-1.112702,-0.657317,-1.053295,-0.687462
-1.079263,-0.772089,-1.040137,-0.646565
-2.603942,2.113341,-2.515616,2.485950
-1.310424,0.150653,-1.699661,-0.264389
-1.328864,2.582706,-1.447133,2.133485
-1.966405,1.777258,-1.121775,-0.791243
-2.027149,2.846316,-1.215200,-0.595391
-1.152920,-0.593087,-1.155357,-0.276915
-1.165585,-0.575273,-1.029441,-0.417160
-0.985185,-1.101271,-0.981048,-0.669957
-1.216328,-0.632956,-1.173363,-0.719124
-1.085275,-0.642694,-1.153161,-0.666853
-1.300415,-0.646171,-1.166748,-0.729173
-1.145763,-0.700702,-1.131395,-0.614853
-1.505121,-0.113523,-0.961406,2.338801
-1.058042,-0.597298,-1.259621,-0.789692
-0.923386,-0.282875,1.016380,1.075289
-1.005862,-0.782193,-1.009358,-0.807089
-1.593078,1.887385,-1.310619,2.957575
-1.236231,-0.393326,-1.411009,-0.135372
-1.593632,2.305546,-1.925303,1.968507
-1.161054,-0.832600,-1.108583,-0.725577
-1.234827,-0.404152,-1.191001,-0.667340
-1.104841,-0.729575,-1.902553,-0.331577
-0.945354,-0.534805,-1.160676,-0.808350
-1.043493,-0.791609,-1.057552,-0.894087
-1.257915,-0.617063,-1.020334,-0.844777
-1.223253,2.761779,-1.079578,2.478298
-0.848795,-0.628367,-1.035853,-0.502930
-1.798503,2.807769,-1.420305,-0.920479
-2.561623,2.350808,-1.708412,2.003747
-2.014181,2.176496,-2.092402,2.331015
-1.174371,-0.634743,-1.062575,-0.800346
-1.047281,-0.873958,-1.097859,-0.429337
-1.634725,-0.186739,-1.351683,2.581523
-1.490812,2.448969,-2.468789,2.464311
-1.148600,-0.719286,-1.189979,-0.525566
-0.972591,-0.878063,-1.177036,-0.549510
-1.203262,-0.659474,-1.249999,-0.639153
-1.736676,-0.209157,-1.179906,2.735865
-1.052438,-0.767603,-0.992587,-0.855722
-1.001643,-0.761727,-1.058656,-0.735274
-1.012838,-0.719160,-1.164708,-0.720861
-1.627905,-0.001786,-1.223804,2.678768
-1.103858,-0.648119,-1.212260,-0.590959
-1.665347,0.110888,-1.290641,2.689430
-1.060724,-0.630748,-1.254310,-0.558707
-2.539574,2.567576,-2.413818,2.154082
-1.416391,1.542807,-1.923464,1.749303
-2.538567,2.632091,-2.570036,2.146369
-1.218856,2.446632,0.848357,-1.369175
-1.096268,-0.326518,-1.352505,-0.362363
-2.041592,2.493838,-1.672455,2.572097
-2.226367,2.559795,-1.712913,2.568390
-1.541907,0.183633,0.976692,0.561598
-1.108320,-0.777693,-1.084814,-0.727664
-1.524661,2.509550,-1.187007,2.844387
-1.120451,-0.746159,-1.181448,-0.772523
-0.952228,-0.802680,-0.995366,-0.688436
-0.798698,-0.791554,-1.032431,-0.566001
-0.976068,-0.704045,-1.046800,-0.544259
-0.887470,-0.793381,-1.245254,-0.041461
-1.135204,2.469182,-0.835515,-0.934790
-1.195260,-0.582469,-1.160924,-0.209311
-1.751075,-0.185505,-1.479981,2.370583
-1.174064,-0.810236,-1.091523,-0.649785
-1.159517,-0.779674,-1.071053,-0.646177
-2.165155,2.784848,-2.205784,2.688789
-1.140723,-0.652107,-1.200825,-0.704985
-0.890247,-0.468681,-1.277220,-0.045241
-1.116665,-0.594483,-1.210894,-0.729154
-1.357866,-0.361695,-1.986737,-0.535562
-1.121070,-0.839664,-1.025823,-0.730668
-0.980613,-0.523163,-1.363679,-0.090702
-1.105675,-0.909208,-1.024731,-0.786913
-1.110944,-0.584680,-1.167365,-0.663377
-0.857425,-0.740195,-1.249634,-0.189485
-1.379764,-0.222387,-1.576605,-0.114740
-1.157607,-0.562246,-1.214257,-0.702449
-1.703431,2.501394,-1.835823,2.499162
-1.817988,0.095182,-1.126764,2.603241
-1.220166,-0.530563,-1.246470,-0.250770
-1.014591,-0.841090,-1.017518,-0.829371
-2.135713,1.779609,-2.313361,2.202461
-1.970310,2.578519,-1.601203,2.446379
-1.408919,-0.957358,-1.725522,2.779714
-1.123325,-0.620078,-1.077816,-0.730214
-1.035891,-0.757902,-1.059144,-0.708858
-1.621834,2.268562,-2.133792,0.989198
-1.185369,-0.706907,-1.073931,-0.691798
-1.387622,-0.087077,-1.033541,-0.528588
-1.082201,-0.447601,-1.327759,0.043389
-1.484500,-0.102338,-1.018259,-0.542290
-1.062793,-0.510852,-1.269690,0.073936
-1.314408,-0.124717,-1.026786,-0.566548
-1.044824,-0.613881,-1.148438,0.054278
-1.423036,-0.153847,-0.914072,-0.627765
-1.042480,-0.518435,-1.290037,-0.016674
-1.557089,2.156209,-1.847973,2.337541
-1.823256,2.066768,0.861091,0.812114
-2.087874,2.554896,-2.797751,2.544556
-1.839429,2.182712,-1.698344,2.132953
-1.746554,2.281474,-2.373295,2.030817
-1.847327,2.044038,-0.871077,2.094157
-1.323211,-0.245853,-0.804638,-0.913119
-1.077677,-0.830897,-1.070044,-0.645744
-1.755572,2.111329,-1.659524,2.220889
-1.929246,0.373062,-1.059989,-0.522552
-1.163994,-0.618660,-1.034118,-0.835173
-2.045222,0.305401,-1.090511,-0.512270
-1.054004,-0.671419,-1.198251,-0.493421
-1.101719,-0.736934,-1.136997,-0.784302
-1.004546,-0.661047,-1.010098,-0.762708
-1.847147,2.483651,-2.595376,3.127838
-1.524268,2.367181,-1.108353,-0.756328
-1.843671,2.474340,-2.691605,-3.118896
-1.621052,2.355821,-1.080681,-0.748818
-1.168387,-0.456248,-1.795513,-0.083195
-1.184407,-0.711921,-0.943862,-0.734563
-1.142987,-0.303818,-1.992051,0.025711
-1.127819,-0.676412,-1.037272,-0.625430
-1.078671,-0.427567,-1.952241,0.069906
-1.068279,-0.687667,-0.852032,-0.923414
-1.166912,-0.411582,-1.836701,-0.025482
-1.046329,-0.788762,-1.000344,-0.654751
-1.229096,-0.665463,-1.043094,-0.806970
-1.146158,2.055763,-0.784172,-0.872364
-1.571321,2.185212,-2.289463,1.608206
-1.110126,-0.518447,-1.130346,-0.663447
-0.974881,-0.832171,-1.261809,-0.529697
-1.239780,-0.106601,-1.952042,0.110832
-1.170516,-0.180957,-1.982483,0.213258
-1.167078,-0.123422,-2.003127,0.111187
-1.075878,-0.128303,-2.021537,0.120933
-1.007820,-0.660220,-0.949323,-0.765583
-0.892106,-0.829773,-1.382749,-0.185184
-1.943173,2.242448,-2.415244,2.028664
-2.005871,2.199431,-2.454974,2.151742
-1.517955,2.121418,-2.393111,2.624566
-1.096180,-0.644830,-1.089995,-0.791626
-1.001067,-0.796879,-1.076803,-0.843531
-1.991690,2.116167,-2.381003,2.525537
-1.114727,2.426555,-1.192608,2.876853
-0.992860,2.442923,-1.275847,2.763080
-1.107047,2.412159,-1.230418,2.776862
-1.015299,2.465157,-1.274842,2.920632
-1.221196,-0.565544,-1.051024,-0.698633
-1.198181,-0.699037,-1.093182,-0.756651
-1.865098,2.461738,-2.102303,1.853132
-1.231336,-0.678611,-1.757385,-0.404059
-1.533802,0.190651,1.181565,0.582463
-1.964448,2.734572,-1.215681,2.887714
-1.967178,2.635760,-0.931611,2.636028
-1.137062,-0.672613,-1.067015,-0.679255
-1.040541,-0.558026,-1.044969,-0.382055
-1.473432,2.116824,-2.516641,2.704811
-2.318030,2.428720,-2.492032,2.112866
-1.311382,2.140869,-2.546499,2.368309
-1.877661,0.286291,1.020589,0.764165
-1.007187,-0.834102,-1.133419,-0.823505
-1.214431,-0.791973,-1.071980,-0.775785
-1.041370,-0.797047,-1.013503,-0.911262
-1.748958,1.457391,-1.502144,-0.643280
-1.099972,-0.702091,-1.099419,-0.648610
-1.130183,-0.583608,-1.131481,-0.764364
-1.973397,2.298825,-1.808936,2.283659
-1.139035,-0.584447,-1.012674,-0.724279
-1.085498,-0.685242,-1.141656,-0.714561
-1.134514,-0.637707,-1.087740,-0.756795
-1.984370,2.307629,-1.836462,2.263774
-1.119953,-0.664540,-1.010675,-0.639140
-1.080677,-0.791744,-0.988826,-0.882085
-0.992930,-0.666983,-1.031883,-0.639481
-2.021554,2.445181,-1.403139,2.091122
-2.095674,2.202011,-2.154859,2.168858
-1.008946,-0.805522,-0.997070,-0.596037
-2.201236,2.826455,-2.081167,2.736829
-2.084990,2.245262,-2.163728,2.175997
-0.880465,-0.792961,-1.047185,-0.552451
-2.204763,2.791778,-2.068881,2.727945
-2.123138,2.239793,-2.173945,2.225091
-0.992738,-0.755585,-1.046388,-0.571634
-2.217454,2.782008,-2.055971,2.738254
-1.060583,-0.219968,-1.121761,-0.494584
-1.141162,-0.333034,-1.058453,-0.456740
-1.142397,-0.703467,-1.092794,-0.841207
-1.060156,-0.327776,-1.049776,-0.388252
-1.177053,-0.358456,-0.902728,-0.597952
-1.218497,-0.671867,-1.098785,-0.865942
-1.662489,-0.556025,-2.423528,2.147474
-1.724672,-0.616730,-2.406318,2.227758
-0.956159,-0.673180,-1.135120,-0.538053
-1.008177,-0.864341,-1.053440,-0.726041
-1.075028,-0.817683,-1.136417,-0.493810
-1.078314,-0.703986,-1.125251,-0.780493
-1.061867,-0.897187,-1.066509,-0.698222
-1.068307,-0.764836,-1.062765,-0.564157
-1.039191,-0.703645,-1.066198,-0.746524
-1.022970,-0.808572,-1.002546,-0.820757
-1.293741,2.330342,-1.558646,2.354391
-1.060502,-0.808348,-0.954556,-0.844716
-1.385137,2.260002,-1.496926,2.378816
-2.039243,2.571573,-2.111339,2.256696
-0.928712,-0.920924,-1.255396,-0.651424
-1.189434,-0.278755,-1.858390,1.396113
-1.974992,2.914809,-2.011435,2.104161
-1.129451,-0.561349,-1.135275,-0.601187
-1.948989,2.232967,-1.749416,2.332810
-2.468968,2.536073,-1.367703,2.045780
-1.149573,2.342236,-2.198762,2.330524
-1.134420,-0.756758,-1.004519,-0.780730
-1.039305,-0.968596,-1.028181,-0.731474
-2.438186,2.316525,-2.354988,2.523442
-0.907844,-0.801732,-1.159913,-0.212939
-1.122191,-0.624190,-1.087013,-0.841678
-1.340109,3.057192,-1.144981,-0.343781
-2.589172,1.785117,-1.434221,2.899654
-0.957084,-0.811777,-1.000933,-0.818454
-1.277934,-0.663794,-1.042569,-0.689367
-1.858094,2.829533,-2.546307,2.571406
-2.159673,2.763188,-2.462055,2.617751
1.187379,0.261479,-1.172383,-0.521385
-1.700024,2.368546,-2.596289,2.711563
-1.217018,2.349046,-1.076305,-0.650193
-2.065434,2.080460,-1.914514,2.408633
-1.422240,2.512238,-1.179754,-0.726305
-2.040053,2.156804,-2.020980,2.376875
-1.812523,2.039962,-1.905286,2.317695
-2.509816,2.403605,-2.039761,2.435538
-1.135890,-0.529587,-1.099587,-0.565012
-1.148551,-0.740637,-1.117629,-0.696668
-1.141693,-0.798903,-1.050594,-0.785399
-1.144194,-0.793403,-1.022569,-0.753639
-1.754808,2.846341,-1.572470,-0.589407
-1.161164,-0.833073,-1.041075,-0.467339
-1.805191,2.867693,-1.457017,-0.748011
-1.210411,-0.803365,-1.078172,-0.529668
-1.794742,2.891924,-1.494019,-0.661064
-1.247182,-0.694759,-0.966836,-0.630626
-1.762386,2.879058,-1.469073,-0.824982
-1.167878,-0.459919,-1.235214,-0.661352
-1.102536,-0.714919,-1.161332,-0.861569
-1.086822,-0.696167,-1.156339,-0.674654
-1.803263,-0.092411,-1.008575,-0.617049
-1.346233,2.452045,-1.668453,2.856722
-1.141568,-0.691116,-1.136020,-0.656152
-2.111286,0.549476,-1.436682,1.294637
-1.288175,2.569584,-1.819154,2.922944
-1.077664,-0.704451,-1.140517,-0.667871
-1.822497,-0.102322,-0.997270,-0.630779
-1.358197,2.472687,-1.668921,2.853668
-1.143565,-0.669300,-1.152546,-0.660497
-2.163179,0.499069,-1.400861,1.409390
-1.248811,2.563339,-1.808059,2.932627
-1.973481,1.948870,-2.009885,2.275627
-1.041863,-0.819918,-1.097187,-0.726493
-2.000485,1.959973,-2.030935,2.282081
-1.048277,-0.869004,-1.066019,-0.747771
-1.318352,-0.363544,-1.278257,2.261312
-0.886250,-0.559868,-1.797841,-0.843273
-1.053853,-0.645778,-1.162807,-0.661987
-1.058245,-0.891327,-0.906309,-0.546422
-1.492687,-0.322319,-2.475207,2.633647
-1.141547,-0.892764,-0.988340,-0.792112
-1.045758,-0.605073,-1.122670,-0.616496
-1.166042,-0.753342,-1.085546,-0.660253
-1.424743,-0.577585,-1.234176,-0.318181
-1.363280,-0.417345,1.371374,-1.176539
-1.851768,2.846561,-1.275796,2.646100
-1.347028,-0.416949,1.351532,-1.177775
-1.934128,2.851157,-1.341209,2.883778
-1.181870,-0.735270,-1.127480,-0.809338
-2.086459,2.050018,-1.416985,2.295640
-1.075428,-0.716187,-1.116839,-0.535851
-1.342491,2.450924,-1.928092,-0.388913
-1.094858,-0.683018,-1.356705,-0.505980
-1.742763,2.009238,-1.460266,2.467123
-1.923633,2.500602,-2.184829,2.603852
-1.298327,2.407887,-2.446503,2.138452
-1.045853,-0.687960,-1.041950,-0.668613
-2.137757,0.552022,-1.016294,2.649108
-1.390670,0.025963,1.086173,0.606956
-1.373367,2.187224,-2.195780,2.111203
-1.165394,-0.641443,-1.132137,-0.759896
-1.221435,-0.677663,-1.239696,-0.641329
-1.147597,-0.707682,-1.105241,-0.644091
-1.560845,2.521899,-1.742699,2.372007
-1.682589,-0.226456,-0.820136,-0.952386
-1.398094,1.886864,-1.564512,-0.237299
-1.130136,-0.706436,-1.052247,-0.776928
-1.222835,-0.720859,-1.136814,-0.633192
-1.223547,-0.627308,-1.133418,-0.623524
-1.179873,-0.738066,-1.034765,-0.695976
-0.972911,-0.843436,-1.160236,-0.642907
-1.048697,-0.638113,-1.031607,-0.794461
-1.645123,-0.208686,-0.906270,-0.698241
-1.149181,-0.758274,-1.312651,-0.362251
-1.764693,-0.159038,-0.967674,-0.695477
-1.187843,-0.766261,-1.610128,0.172668
-1.062204,-0.797359,-1.006812,-0.777538
-1.270015,-0.621605,-1.160176,-0.650180
-1.165701,-0.554382,-1.186809,-0.497176
-1.185447,-0.645362,-1.284586,-0.490660
-0.977518,-0.663427,-0.992835,-0.553736
-0.891332,-0.713925,-1.280283,-0.108779
-1.131885,-0.641101,-1.080946,-0.769815
-1.124195,2.309039,-1.178083,-0.444228
-1.193640,-0.800815,-1.097187,-0.860020
-1.242901,-0.768207,-0.995805,-0.673857
-1.072276,2.310690,-1.193179,2.107806
-0.979869,-0.685100,-1.078773,-0.458509
-1.032987,-0.658432,-1.162837,-0.653922
-1.581214,-0.521674,-1.490639,-0.485734
-1.216442,-0.610269,-1.174719,-0.631561
-1.178918,-0.598974,-1.074070,-0.583494
-1.154529,-0.657629,-1.241223,-0.492299
-0.961111,-0.649619,-0.998948,-0.555299
-0.915701,-0.706140,-1.274737,-0.214467
-1.099759,-0.601032,-1.176380,-0.718336
-1.074355,2.302575,-1.191832,-0.492716
-1.118299,-0.826598,-1.090276,-0.846407
-1.234747,-0.748843,-1.037447,-0.670598
-1.055071,2.373124,-1.227821,2.165883
-1.042648,-0.612739,-1.105095,-0.331214
-1.022704,-0.710147,-1.132368,-0.664140
-1.571606,-0.548419,-1.530573,-0.428346
-1.024793,-0.669380,-1.100039,-0.712998
-1.200790,-0.295500,-1.778505,-0.041920
-1.348858,-0.133530,-1.455514,-0.242701
-1.646338,-0.036100,0.902236,0.884637
-1.010710,-0.622242,-1.060124,-0.845430
-2.338403,2.841279,-1.756759,1.907384
-1.140232,-0.724084,-1.108985,-0.504533
-1.624014,2.218939,-1.922403,2.124133
-1.820811,1.784062,-1.356420,2.762557
-1.557785,2.230473,-1.940612,2.164957
-1.800676,1.868198,-1.276014,2.769627
-1.181415,-0.461933,-1.050423,-0.418155
-1.004572,-0.788647,-1.021784,-0.816700
-1.766135,2.012910,-1.737403,1.837083
-1.112416,-0.610250,-1.107491,-0.608121
-1.073349,-0.671873,-1.122510,-0.655691
-1.077462,-0.757408,-1.060005,-0.742034
-0.902239,-0.729580,-1.269151,-0.185610
-1.143903,-0.747872,-1.179545,-0.612194
-1.147685,-0.585200,-1.758706,0.406384
-1.926965,0.510719,-0.922564,-0.647202
-1.514639,-0.083183,0.942407,0.858165
-1.035172,-0.783661,-1.006506,-0.796398
-1.072684,-0.578435,-1.104659,-0.293810
-1.292994,2.444691,-1.929677,2.283654
-1.263902,-0.531614,-1.127369,-0.786815
-0.926635,-0.869731,-1.029902,-0.796123
-1.041842,-0.760352,-1.004918,-0.706036
-1.983042,2.295751,-2.187460,2.316565
-1.404709,2.223324,-1.958021,2.780809
-1.035614,-0.595851,-1.143633,-0.775971
-1.107865,-0.840894,-1.001286,-0.783184
-2.115298,2.364662,-1.720434,2.587725
-1.283810,2.042652,-1.764591,2.826308
-0.997138,-0.634597,-1.078502,-0.849346
-1.136758,-0.722773,-1.048001,-0.779158
-2.018850,2.335230,-1.830912,2.505502
-1.099765,-0.676513,-1.077312,-0.766570
-1.904119,2.557166,-2.408771,3.037393
-1.320017,-0.253945,1.056675,0.786654
-1.142393,-0.623119,-1.482296,0.075734
-1.029418,-0.780163,-1.187823,-0.624629
-1.037427,-0.789896,-0.961088,-0.789787
-1.105827,-0.349680,-1.412219,-0.324256
-1.219554,-0.075718,-1.281690,-0.260851
-1.244998,-0.544050,-1.722697,-0.056012
-1.085582,-0.592137,-1.549040,-0.197081
-1.974718,2.175264,-1.899142,2.973125
-1.442085,1.835082,-1.294938,-0.877651
-2.552032,2.584763,-1.388664,3.115131
-1.168168,2.272019,-2.395418,1.637657
-2.234387,2.651908,-1.887488,1.658449
-1.771225,2.163095,-1.754366,1.910183
-1.029861,-0.706590,-0.963943,-0.905762
-0.959752,-0.834972,-1.190652,-0.829357
-0.990007,-0.861594,-1.102719,-0.732907
-1.025977,-0.580314,-1.054885,-0.412729
-1.118812,-0.580994,-1.009812,-0.551937
-1.148424,-0.573632,-1.027272,-0.561227
-1.143996,-0.626548,-0.957481,-0.579106
-1.615951,-0.580998,-2.340412,2.114755
-1.529299,-0.540237,-1.797581,-0.895902
-1.356597,-0.728444,-2.091457,2.288537
-1.585469,-0.524348,-1.812873,-0.710170
-1.361622,-0.085189,-1.104903,-0.392260
-1.103810,-0.710717,-1.228295,-0.543252
-2.169217,-0.364464,-1.144475,2.505957
-1.038844,-0.742875,-1.109284,-0.748648
-1.792360,0.096349,-1.817388,-0.078767
-1.113157,-0.813881,-1.031832,-0.807170
-1.057327,-0.682285,-1.134103,-0.472528
-1.234415,-0.618729,-1.145453,-0.682827
-1.324774,-0.126858,-1.053667,-0.555553
-1.093125,-0.706716,-1.236648,-0.643087
-2.151798,-0.375645,-0.840636,2.367283
-1.068847,-0.736418,-1.109408,-0.767604
-1.782910,0.032298,-1.745089,-0.106188
-1.165824,-0.809214,-1.082287,-0.759011
-1.103333,-0.718100,-1.126897,-0.387302
-1.270104,-0.558461,-1.149743,-0.703020
-1.257418,-0.366660,-1.261775,-0.766763
-1.189035,-0.715396,-1.540776,-0.261500
-1.260251,-0.351212,-1.246769,-0.739528
-1.168376,-0.717120,-1.579705,-0.188822
-1.938429,2.199312,-1.777692,1.876009
-1.901719,2.302085,-1.847812,1.892848
-1.967991,2.098266,-1.735906,2.046376
-1.906670,2.270779,-1.843403,1.872345
-1.131912,-0.682948,-1.105289,-0.607089
-1.112686,-0.707480,-0.956954,-0.676001
-1.104950,-0.380396,-1.863670,-0.431558
-1.002902,-0.786667,-1.121330,-0.384106
1.319816,0.181555,-0.985688,2.236799
1.145910,0.460718,-1.868837,2.751932
-1.027070,-0.536169,-1.670172,-0.919345
-1.014235,-0.734971,-1.123379,-0.403023
1.328440,0.177496,-0.968509,2.227884
1.062045,0.576216,-2.022529,2.767993
-1.136713,-0.789934,-0.943343,-0.777292
-1.132636,-0.804405,-0.964571,-0.773154
-1.079471,-0.905699,-0.963938,-0.777280
-1.611917,2.821251,-2.426873,1.107654
-1.056996,-0.909823,-0.989007,-0.737299
-1.557386,2.783444,-2.526846,1.129878
-1.113345,-0.626953,-1.163510,-0.582172
-2.034586,2.776547,-1.531396,2.771703
-1.139550,2.706687,-0.914053,2.281361
-1.765190,1.889927,-1.113650,2.899946
-1.764622,2.882656,-2.823238,2.488012
-1.051542,2.271315,-1.982952,1.613222
-1.185314,-0.716112,-1.113737,-0.699011
-1.123278,-0.616258,-1.093783,-0.659230
-1.086914,-0.792712,-1.128462,-0.570182
-0.969530,-0.636712,-1.086064,-0.734327
-1.058531,-0.822124,-1.025330,-0.765920
-1.103854,-0.751611,-1.151684,-0.613013
-1.036629,-0.792909,-1.105023,-0.692809
-1.110324,-0.733956,-1.159430,-0.648798
-1.163905,-0.732711,-1.126314,-0.632980
-1.071097,-0.720602,-1.190950,-0.576521
-1.076778,-0.775738,-1.077216,-0.745332
-1.112744,-0.774473,-1.143817,-0.636310
-1.656835,2.106587,-1.560278,2.876226
-2.061947,2.047228,-1.979913,1.801655
-0.919830,-0.815725,-1.135456,-0.666048
-1.254759,2.312281,-2.152889,0.629235
-1.696003,2.101205,-2.252806,2.761160
-1.664690,2.101906,-2.242302,2.723228
-1.167316,-0.726369,-1.014816,-0.878945
-2.119911,2.464052,-2.003833,2.460118
-1.137047,-0.787011,-1.146886,-0.604188
-1.098320,-0.649959,-1.371243,-0.720320
-1.106932,-0.848532,-0.960064,-0.773205
-0.985247,-0.623212,-1.472847,-0.817919
-1.323902,-0.043969,-1.827581,0.123783
-0.972864,2.494266,-1.190155,2.306623
-2.153051,2.937319,-1.757997,2.096967
-1.786899,2.346496,-2.133037,2.460332
-1.258098,1.988242,-1.059094,2.493375
-1.342400,2.414866,-2.355330,0.113526
-1.142604,-0.231055,-1.607978,-0.159793
-1.090897,-0.768917,-1.044714,-0.698677
-1.144497,-0.900720,-1.057194,-0.649402
-1.178580,-0.579450,-1.339996,-0.315076
-1.062754,-0.391678,-1.667426,-0.021005
-1.181895,-0.318082,-1.492865,-0.103487
-1.151935,-0.613227,-1.165065,-0.789895
-1.052869,-0.702900,-1.106525,-0.705437
-1.263736,-0.904133,-1.475590,1.241157
-1.713191,1.768165,0.957750,0.508510
-1.256669,-0.911083,-1.470451,1.239988
-1.928104,1.788360,1.011704,0.681024
-1.143042,-0.705906,-1.108262,-0.522953
-1.629541,1.966109,-1.842614,2.077709
-1.054737,-0.647357,-1.108900,-0.635666
-1.684044,2.035799,-2.639866,2.387700
-0.829346,-0.825948,-1.002389,-0.552904
-1.574825,1.203771,-2.663158,2.448364
-1.157266,-0.727665,-1.297874,-0.586346
-0.919960,-0.797472,-0.956220,-0.771162
-1.000714,-0.842119,-1.141524,-0.861132
-1.165604,-0.422499,-1.079648,-0.318536
-0.947978,-0.668937,-1.117221,-0.787117
-1.091327,-0.454421,-1.293548,-0.478770
-1.658908,1.938827,-1.294500,1.923674
-1.490965,-0.432318,-2.885278,-3.125441
-1.841186,-0.027162,-0.874147,-0.624599
-1.240707,2.475982,-1.972066,2.263776
-2.144088,2.591037,-2.420061,2.568511
-1.360188,2.096516,-2.107655,2.185772
-1.593249,2.466344,-2.250569,2.129241
-0.571936,-0.328303,-0.955165,1.840885
-1.510410,2.308052,-2.224462,2.573672
-2.202596,2.405566,-2.231760,2.399789
-1.798747,2.627984,-2.264487,2.404750
-1.341997,2.105262,-2.078893,2.105973
-1.575668,2.370177,-2.232341,2.278480
-1.280277,2.300343,-0.829279,1.449128
-1.467064,2.246827,-2.170902,2.627637
-2.312465,2.498377,-2.305341,2.415570
-1.320036,-0.444735,-1.435629,-0.461887
-1.173163,-0.665237,-1.195009,-0.628936
-1.316981,-0.426935,-1.450803,-0.462327
-1.171970,-0.667497,-1.204701,-0.631206
-1.937609,2.642438,-2.443555,2.425270
-1.210318,-0.743547,-1.110880,-0.740191
-1.923593,0.561100,-0.733055,2.046188
-1.197547,-0.607486,-1.135343,-0.749424
-1.308480,-0.516580,-1.523541,-0.373855
-1.030639,-0.713630,-1.117758,-0.772315
-1.170181,-0.712858,-1.072684,-0.850663
-1.190578,-0.532171,-1.350072,-0.400744
-1.844093,0.160815,-1.465300,2.599698
-1.353409,-0.618786,-1.063524,-0.825538
-1.071298,-0.894840,-1.139298,-0.738797
-1.241026,-0.635971,-1.118735,-0.764859
-1.102514,-0.886200,-1.199225,-0.666188
-1.111523,-0.800619,-1.167958,-0.547362
-1.404017,-0.287470,-0.903138,-0.909788
-2.043835,-1.205680,-1.065942,-0.760495
-1.135083,-0.811218,-1.097420,-0.578020
-1.030560,-0.641807,-1.108285,-0.691560
-1.421224,2.169576,-0.990731,-0.804399
-2.244408,2.971359,-2.414504,2.668379
-1.512229,-0.275309,-2.696071,1.625883
-1.054671,2.429563,-1.721818,-0.689848
-1.686845,1.885733,-1.488624,1.008180
-0.851610,-0.696779,-1.012406,-0.371789
-2.060019,2.013729,-1.847344,0.051507
-1.072343,-0.602471,-1.131498,-0.755843
-1.111877,-0.638038,-1.052399,-0.812777
-1.078085,-0.645671,-1.180008,-0.655135
-1.258459,-0.625143,-1.136720,-0.607244
-1.038413,-0.658268,-1.241977,-0.760798
-1.037803,-0.678588,-1.268061,-0.709207
-1.024897,-0.642813,-1.331251,-0.639719
-1.025237,-0.736074,-1.182329,-0.805545
-1.104035,-0.689315,-0.997385,-0.827599
-1.103329,-0.727107,-1.169897,-0.819123
-1.020840,-0.776655,-1.110368,-0.712948
-1.972413,0.286803,-1.083034,-0.398886
-1.025483,-0.821427,-1.079915,-0.639224
-1.859943,0.209264,-0.951562,-0.484533
-1.114753,-0.662558,-1.214793,-0.690562
-1.105149,-0.727304,-1.214092,-0.680176
-0.961066,-0.868184,-1.114886,-0.731600
-1.210218,-0.412262,-1.605947,-0.518833
-1.189328,-0.743148,-1.151818,-0.766128
-2.050226,2.742068,-2.535799,2.748633
-1.161663,-0.694243,-1.178964,-0.656896
-2.100877,2.773594,-2.640570,2.767763
-1.176940,-0.813921,-1.028571,-0.697127
-1.119060,-0.776869,-1.032379,-0.674030
-1.385864,2.858644,-1.948450,2.531990
-1.289556,-0.510093,-1.303468,-0.736482
-1.327845,2.826196,-1.948498,2.517331
-1.273919,-0.561446,-1.257504,-0.690478
-1.055490,2.497988,-1.626700,1.233470
-1.115703,-0.668967,-1.153243,-0.686473
-1.014078,-0.879389,-1.078911,-0.732334
-1.211078,-0.650920,-1.215470,-0.599913
-1.188490,-0.667997,-1.142058,-0.705787
-0.946356,-0.820433,-1.097844,-0.691918
-1.081147,-0.712626,-1.286470,-0.649193
-1.097224,-0.811156,-1.022034,-0.717968
-1.111379,-0.811703,-0.949351,-0.824696
-1.144853,-0.721395,-1.079560,-0.716409
-1.593353,-0.053984,-0.879820,-0.840769
-2.112799,2.088776,-1.908834,1.740491
-1.256655,2.295685,-2.383375,-0.954380
-1.313562,2.293725,-2.028073,-0.343082
-1.354047,-0.399677,-0.816558,-0.942466
-1.263778,1.960094,-2.198748,2.940133
-1.198531,-0.359426,-1.734088,-0.232493
-1.007193,-0.754503,-0.983885,-0.769120
-2.455201,2.310626,-1.948225,2.022524
-1.127160,-0.494142,-1.161542,-0.654016
-1.098437,-0.644579,-1.172330,-0.708679
-1.683076,2.351943,-2.157381,2.674374
-1.644748,-0.303700,-1.960445,-0.434475
-1.013526,-0.856417,-0.988518,-0.767984
-1.207274,-0.596961,-1.763940,-0.585525
-1.082326,-0.625222,-1.098656,-0.795592
-1.162142,-0.843228,-1.212880,-0.559183
-1.391843,-0.545537,-0.699201,2.234031
-1.422568,-0.753501,-1.082830,-0.617851
-1.087124,-0.775579,-1.040048,-0.796529
-1.149648,-0.871010,-1.190532,-0.561187
-1.376418,-0.541677,-0.789265,2.291774
-1.308366,-0.697195,-1.124079,-0.642929
-1.080442,-0.972495,-0.900028,-0.753299
-1.274845,2.435753,-1.808842,2.552735
-1.968171,2.394863,-2.210114,2.564119
-1.120139,-0.798340,-1.088094,-0.190676
-2.048060,2.884163,-1.811878,2.339227
-1.027751,-0.736004,-1.208692,-0.566160
-1.116389,-0.625731,-1.323969,-0.686665
-2.314358,2.769891,-2.189589,2.745031
-1.944347,1.755891,-2.119984,2.057738
-2.113680,2.822647,-1.883277,2.673178
-1.972507,1.763427,-2.095392,2.069820
-2.060792,2.885773,-1.993041,2.690735
-1.924671,1.716482,-2.011224,2.032232
-2.203931,2.893930,-1.936937,2.644776
-1.177865,-0.348214,-1.283691,-0.265163
-1.189983,-0.359554,-1.232954,-0.260645
-1.142484,-0.448470,-1.244481,-0.297451
-1.123505,-0.458564,-1.324058,-0.145112
-1.149379,-0.682752,-1.168041,-0.741800
-1.110762,-0.692144,-1.082547,-0.664292
-1.066515,2.482002,-1.926465,-0.111181
-1.062134,-0.808374,-1.097754,-0.770950
-1.960901,2.763977,-2.192096,2.082856
-1.185948,-0.700131,-1.126869,-0.830300
-0.984438,-0.875936,-1.077015,-0.631951
-2.067443,2.385059,-1.624081,2.842448
-1.936973,-0.198083,-0.940808,-0.549500
-1.097857,-0.607845,-1.281734,-0.658441
-2.201234,2.449400,-1.556566,2.856622
-1.982071,-0.159503,-0.940011,-0.512986
-1.074382,-0.773207,-1.087497,-0.556583
-1.990328,0.406615,-0.949890,-0.666499
-1.030788,-0.604978,-1.274211,-0.719419
-0.789436,-0.701646,-1.197945,-0.343083
-0.746260,-0.770084,-1.110566,-0.449102
-1.400293,2.803364,-1.147773,-0.633469
-1.022681,-0.718106,-1.304566,-0.682506
-1.198676,-0.235949,-1.255292,-0.687445
-1.341603,1.195541,-1.830240,2.312506
-1.335272,1.295371,-2.045503,2.548869
-1.284745,2.685628,-0.981117,2.276909
-1.039615,-0.721049,-1.072780,-0.918770
-1.091164,-0.667119,-1.188452,-0.818885
-0.958181,-0.741799,-1.148492,-0.407999
-1.032143,2.306940,-1.841767,2.348155
-1.084466,-0.698686,-1.158599,-0.699699
-1.159043,-0.671824,-1.204146,-0.657711
-1.569747,2.033181,-1.491687,-0.714500
-1.881361,2.575395,-1.100557,2.471927
-1.122971,-0.829307,-1.137442,-0.544068
-1.599708,1.959635,-1.548960,-0.539616
-1.899408,2.598405,-1.064115,2.516351
-1.163621,-0.922743,-1.061530,-0.556429
-1.569821,2.084556,-1.577563,-0.786325
-1.955835,2.592885,-1.125696,2.536386
-1.114255,-0.862976,-1.132911,-0.549151
-1.582176,2.011548,-1.528279,-0.691058
-1.873613,2.639004,-1.136450,2.581848
-1.112326,-0.890209,-1.135661,-0.506532
-1.920682,2.552118,-2.376430,2.485935
-1.094789,-0.814886,-1.080594,-0.768870
-1.890949,2.463908,-2.310614,2.555403
-1.047048,-0.810601,-1.115243,-0.657385
-1.890521,2.456461,-2.319682,2.523510
-1.038363,-0.754600,-1.174540,-0.706440
-1.919562,2.490479,-2.356212,2.468321
-1.061106,-0.785449,-1.120630,-0.733907
