-1.117567,-0.763969,-1.134413,-0.695540
-1.990070,0.321385,-0.892911,-0.689401
-1.503825,-0.308350,-1.300078,2.784673
-1.574849,-0.033895,-1.832622,1.263093
-1.203566,-0.616504,-1.094312,-0.809651
0.972744,0.541268,-1.402086,2.359939
-1.195240,-0.674466,-1.510952,-0.306395
-1.098397,-0.649955,-1.258541,-0.510081
-2.576904,2.305150,-2.431853,2.831958
-1.297248,2.633447,-1.218348,2.229042
-1.379412,2.417967,-1.166451,2.352331
-1.089605,-0.857444,-1.143985,-0.618120
-2.211964,2.150654,-1.671756,2.632676
1.019431,1.050851,-2.480666,2.756990
-1.201516,-0.725396,-1.101407,-0.772367
-1.632526,2.622966,-1.285660,2.491097
-1.090663,-0.739530,-1.083875,-0.828868
-1.026705,-0.770209,-1.066854,-0.867825
1.105934,0.733623,-1.318245,2.603951
-1.074127,-0.622482,-1.171667,-0.660333
1.087068,0.698747,-1.389037,2.603649
-1.168456,-0.706696,-1.041132,-0.699512
-1.112632,-0.737062,-0.947328,-0.859054
-1.119213,-0.759364,-1.499794,-0.527804
-1.289782,2.484287,-2.350051,2.758832
-1.176923,-0.343702,-1.563060,-0.361037
-0.962437,-0.845283,-1.261911,-0.568573
-1.307318,2.042162,-1.549958,-0.867189
-2.678339,3.030864,-1.593057,3.097240
-1.371544,2.160626,-1.638708,-0.856409
-2.622628,2.995247,-1.432234,3.112977
-1.393561,2.094772,-1.604526,-0.817033
-2.723330,2.901963,-1.409913,3.067199
-1.280883,2.188533,-1.700882,-0.750981
-2.684999,3.024691,-1.591414,3.138114
-1.185547,-0.220120,-1.578000,-0.095632
-0.985791,-0.688779,-1.204846,-0.618415
-1.153733,-0.769289,-0.989488,-0.791641
-1.120479,-0.490848,-1.607114,0.246784
-1.162122,-0.832404,-1.122816,-0.705784
-1.188827,-0.794653,-1.167443,-0.821294
-1.103177,-0.854402,-1.099717,-0.741536
-1.130239,-0.892850,-1.077484,-0.716756
-2.870434,3.056283,-1.184653,2.371604
-1.068044,-0.373030,-1.789810,0.187373
-2.260488,2.306325,-2.559670,-3.141420
-1.788849,-0.587885,-1.208295,1.947077
-1.408122,1.602280,-2.257422,2.319755
-1.488418,-0.473102,-2.511836,2.316054
-1.195316,-0.864338,-1.047826,-0.604827
-1.194273,-0.870826,-1.086539,-0.588587
-1.118471,-0.620276,-1.111292,-0.785286
-1.127056,-0.581231,-1.134452,-0.728363
-1.116572,-0.615529,-1.086228,-0.776726
-1.146752,-0.632487,-1.067713,-0.757372
-2.185806,2.106863,-1.167411,2.393677
-1.088971,-0.765336,-1.024189,-0.816433
-1.093193,-0.713913,-1.089088,-0.871146
-1.017985,-0.756389,-1.094216,-0.808533
-1.164297,-0.692058,-1.099628,-0.675737
-1.956917,2.532998,-2.217558,2.555155
-1.254391,-0.567031,-1.023196,-0.696020
-1.676154,2.936472,-1.059564,-0.576283
-1.684667,-0.273902,-1.208156,2.105529
-3.124190,-3.125485,1.294038,2.524109
-1.111621,-0.592562,-1.572421,-0.095201
-1.088779,-0.587329,-1.593159,-0.123467
-1.112887,-0.653330,-1.233767,-0.692825
-0.981900,2.704615,-1.146949,-0.469986
-0.990176,-0.732905,-1.036522,-0.835647
-2.245566,2.343694,-1.807119,2.478840
-2.565832,2.575134,-1.536446,2.150212
-2.504618,2.466100,-1.442462,2.235666
-1.347599,2.454817,-2.149232,2.641985
-1.168676,-0.494823,-1.363856,-0.266266
-1.072624,-0.721505,-1.045146,-0.710579
-1.078451,-0.726156,-1.034276,-0.744328
-2.291892,1.848277,-1.095579,2.054505
-1.015955,-0.625664,-1.264287,-0.677200
-1.088385,-0.748919,-1.084596,-0.645480
-1.260420,-0.621700,-1.116299,-0.796486
0.657562,1.016025,-2.469387,1.248459
-2.847006,2.740877,-2.478721,-0.023173
-2.909180,2.730659,-2.448952,-0.017880
-1.111145,-0.717307,-1.099988,-0.790748
-1.262358,-0.756392,-0.979034,-0.751857
-1.243879,-0.696945,-1.054849,-0.780441
-1.110550,-0.774001,-1.185826,-0.694434
-1.962679,1.835309,-1.148846,-0.670496
-1.137770,-0.709232,-1.214275,-0.689296
-2.105964,1.803061,-1.067688,-0.647723
-2.074727,2.053535,-1.506664,2.938897
-1.638850,2.909542,-1.035308,2.329471
-1.672535,2.882932,-0.954550,2.330010
-1.201722,-0.634561,-1.208362,-0.704900
-2.254071,-0.242341,-1.905553,0.284009
-2.221663,-0.228757,-1.968288,0.373978
-1.126198,-0.572718,-1.117191,-0.735096
-2.365590,2.136405,-2.052529,2.122375
-2.173067,2.148273,-1.621708,2.297695
-2.159395,2.539398,-1.527451,2.169787
-2.112662,2.318827,-1.779395,2.244913
-1.555260,2.369177,-1.554101,1.896653
-1.048758,-0.400791,-1.623505,0.292732
-1.191253,2.427170,-1.912311,-2.993284
-1.845939,2.223079,-2.035129,2.406024
-1.087865,-0.731185,-1.177332,-0.705058
-1.044780,-0.755141,-1.170762,-0.679113
-1.513610,2.216953,-2.316219,2.515029
-1.127421,-0.829285,-1.050660,-0.641948
-1.100587,-0.814137,-1.046903,-0.697399
-1.144182,-0.705722,-1.173243,-0.561418
-1.083215,-0.761556,-1.232921,-0.735980
-1.074166,-0.796265,-1.175591,-0.760434
-1.758724,1.657538,-1.253843,2.430739
-1.748005,1.705773,-1.312255,2.462702
-0.627140,-1.152503,-1.045495,-0.512107
-0.699923,-1.164326,-1.033131,-0.480669
-0.747344,-1.075520,-1.070306,-0.498454
-0.571282,-1.153360,-1.070265,-0.480924
-1.426925,-0.021825,-1.116863,2.499375
-1.807318,0.878009,-2.148328,1.892806
-1.468610,0.050991,-1.029159,2.402841
-1.838897,0.873343,-2.164622,1.949877
-1.198955,-0.842982,-0.958159,-0.716672
-1.144882,-0.773414,-1.007871,-0.730093
-1.183131,-0.759552,-0.999083,-0.973945
-3.085926,3.028836,-1.811124,2.388517
-3.013950,3.008705,-1.752254,2.422631
-1.189145,-0.591888,-1.238497,-0.911819
-1.422023,-0.327514,-1.055582,2.621177
-1.909470,2.216332,-2.696337,2.943478
-1.782778,2.348929,-2.806553,2.890445
-1.094819,-0.688258,-1.064789,-0.693520
-2.719681,2.679541,-2.761251,2.545689
-1.737909,2.519312,-1.949822,2.285630
-1.134914,-0.707405,-1.137297,-0.649695
-1.393197,2.445723,-2.017125,0.061458
-1.608130,2.384515,-1.986490,-0.013383
-1.055375,-0.713027,-1.058719,-0.706109
-1.028632,-0.738446,-1.057556,-0.707747
-1.065478,-0.726420,-1.043166,-0.728569
-1.049758,-0.719793,-1.055015,-0.757123
-1.044353,-0.740603,-1.084970,-0.724665
-2.233970,0.539134,-1.585754,2.726777
-2.603337,2.498263,-1.480856,2.250410
-1.808884,2.278557,-1.380397,2.003304
-1.111573,-0.651824,-1.189074,-0.743359
-1.030603,-0.873597,-1.123939,-0.663887
-1.329272,-0.885035,-0.989936,-0.635896
-1.227930,-0.818990,-1.019576,-0.729007
-1.133960,-0.807872,-1.165881,-0.608179
-1.139316,-0.762862,-1.089397,-0.721905
