-2.202946,-2.741985,-2.606409,2.662818
-1.315175,2.133554,-1.051018,-0.473277
-2.716932,2.601024,-2.061022,2.345633
-1.689913,2.646161,-1.486719,2.176367
-1.852277,0.256530,-1.320818,2.313554
-1.835085,2.029950,-1.495718,-0.515815
-1.169550,2.272706,-2.724099,2.340960
-2.261148,2.933274,-2.518018,2.674962
-1.151274,2.271367,-2.735974,2.325000
-2.279071,2.938578,-2.514782,2.686584
-1.281161,2.057818,-1.608622,2.216709
-1.239335,-0.684049,-1.136107,-0.752544
-2.754165,3.013037,-1.641697,-0.824474
-2.332635,3.023248,-1.129025,-0.624766
-1.067344,-0.828570,-1.091634,-0.733140
-1.344921,0.020713,-1.782886,1.399867
-1.441256,0.046825,-1.787468,1.356133
-1.809145,2.173492,-2.022421,2.059722
-1.996326,2.645560,-1.655325,2.522546
-2.772777,2.984601,-2.734912,2.345996
-1.020570,-0.681043,-1.125326,-0.160782
-1.767927,0.200103,0.925050,0.800284
-2.213935,2.872664,-2.408225,2.504661
-2.296313,2.737044,-1.742251,2.250866
-2.497543,2.716018,1.018535,0.764135
-2.206905,2.289159,-1.473652,-0.531051
-1.130176,-0.752774,-1.039553,-0.854423
-1.323456,-0.464234,0.927923,0.522256
-1.319181,-0.501525,0.961155,0.477719
-1.782687,2.823607,-2.415117,2.383311
-1.488410,2.351936,-2.119014,-0.211654
-1.488132,2.381054,-2.107246,-0.216183
-1.473596,2.398551,-2.144603,-0.213226
-2.322769,2.119771,-2.062543,2.458017
-2.250587,2.518798,-1.190437,2.560979
-1.102955,-0.760005,-1.055175,-0.819920
-1.565862,2.845966,-1.495742,2.637329
-1.111283,-0.744832,-1.073514,-0.757037
-1.550739,2.773561,-1.321011,2.476955
-1.126901,-0.732786,-1.100924,-0.775502
-1.875894,2.711383,-1.297112,2.505642
-1.155345,-0.705061,-1.087272,-0.795098
-0.944027,-0.641433,-1.304500,-0.363907
-1.442844,2.151273,-2.305668,2.536910
-1.665035,2.012025,-2.256004,2.575992
-1.639857,2.179161,-2.467381,2.861514
-1.565839,2.067042,-2.245726,2.719565
-1.613086,1.141507,-1.184984,2.627391
-1.430986,1.127732,-1.204627,2.607565
-1.499886,0.526144,-2.935084,3.055689
-2.780560,2.865240,-1.315971,2.506828
-2.346287,2.703415,-2.126636,2.296745
-1.915645,0.437487,-1.147824,2.570898
-1.073591,-0.765139,-1.085174,-0.867168
-1.323128,1.917744,-1.277765,-0.636958
-1.943646,0.473856,-1.205295,2.580042
-1.018165,-0.828192,-1.023536,-0.788746
-1.292914,1.961787,-1.477585,-0.409479
-1.101699,-0.637722,-1.154199,-0.540568
-2.668291,2.923075,-1.214728,-0.744307
-1.032077,-0.836352,-1.098896,-0.749499
1.029753,0.470904,-2.528874,2.694350
1.035349,0.468825,-2.453797,2.637855
-1.551669,-0.629554,-1.636331,-0.642901
-1.555659,-0.661118,-1.614749,-0.608109
-2.698678,3.138730,-1.363814,2.126027
-1.064563,-0.773129,-1.081658,-0.805721
-1.062693,-0.761811,-1.047126,-0.842550
-1.042894,-0.873778,-0.919095,-0.737332
-2.602876,2.636344,-2.004739,2.138458
-1.221445,-0.490935,-1.201722,-0.634561
-2.033076,0.185698,-0.957880,-0.728114
-2.196476,0.147329,-0.888639,-0.732026
-2.081213,0.134224,-0.829739,-0.886049
-2.008456,0.181414,-0.891894,-0.825936
-1.953935,0.106234,-0.828115,-0.769269
-2.096762,0.108852,-0.846079,-0.735047
-2.055665,0.152267,-0.825525,-0.822343
-2.142469,0.176655,-0.917616,-0.759635
-1.449254,1.125119,-2.766995,2.984218
-1.673639,3.008518,-1.457637,2.288806
-1.065959,-0.574941,-1.244129,-0.637973
-1.067496,-0.606571,-1.184436,-0.687396
-2.376570,2.272365,-2.173958,2.130644
-2.827481,2.931825,-1.687656,2.852651
-2.070764,2.501440,-2.123118,2.416645
-2.110230,2.970795,-2.115588,2.251814
-1.266293,-0.266269,1.165399,0.408918
-1.836252,1.983461,-1.655615,2.804661
-1.946724,-0.181740,-1.804628,-0.174098
-0.988026,-0.519438,-1.513901,0.015627
-1.328953,-0.222651,0.880418,1.027956
-1.833663,1.981127,-1.864360,2.082518
-1.859646,1.984526,-1.969007,2.185635
-1.428687,2.150005,-1.253111,-0.274816
-1.095275,-0.658330,-1.031368,-0.943664
-1.031577,-0.450444,-1.703047,-0.736365
-2.514196,2.745390,-1.295835,2.581057
-2.751849,2.643364,-1.271539,2.497627
-1.348032,2.192887,-1.176820,-0.428675
-1.904568,0.075955,-1.039490,2.325219
-1.872905,0.142999,-1.091199,2.249629
-1.773661,2.429553,-2.172364,2.960433
-1.701657,2.533649,-2.294973,2.863036
-1.692802,2.737667,-0.965200,-0.526161
-1.665830,2.745305,-0.984860,-0.515453
-1.913899,1.961900,-2.093743,2.270236
1.453952,2.861959,-2.131007,0.550370
-2.046946,2.371811,-2.303052,2.755722
-1.203428,-0.736922,-1.028721,-0.747609
-1.164175,-0.696627,-1.098816,-0.761892
-1.664509,2.603965,-0.964756,-0.513395
-1.432670,2.993742,-1.136408,-0.518700
-2.586107,2.313821,0.947815,0.521692
-1.645289,2.697788,-1.061711,-0.483919
-1.335441,3.070784,-1.211062,-0.556848
-2.604569,2.221341,0.952999,0.645277
-1.697887,2.557695,-0.976807,-0.444681
-1.458795,2.990454,-1.048032,-0.650076
-2.430231,2.036698,0.832592,0.890827
-1.689893,2.608022,-0.983356,-0.465718
-1.416379,2.934698,-1.031832,-0.619349
-2.281664,1.963634,0.838228,0.950756
-2.218923,2.649490,-2.387589,2.982309
-2.278451,2.746367,-2.287678,2.712895
-2.267016,2.984159,-2.488416,2.705360
-1.508786,2.555660,-1.389607,2.007899
-1.061360,2.225821,-2.441030,2.791343
-1.109396,2.256909,-2.453072,2.840904
-0.803762,-0.675045,-0.735330,-0.791019
-1.105224,-0.282092,-1.498139,-0.237538
-2.020105,2.166062,-2.308523,2.305321
-1.126163,-0.657064,-1.118696,-0.805410
-1.141160,-0.666306,-1.133120,-0.825762
-1.141634,-0.643339,-1.162818,-0.748212
-1.142291,-0.651302,-1.147604,-0.804584
-0.987823,2.616853,-1.191044,-0.391183
-1.066706,2.547002,-1.106742,-0.641354
