1.265045,0.455327,-2.310404,3.042427
1.340720,-3.093370,-1.368539,2.776624
-1.031393,-0.743461,-1.168981,-0.636973
1.785930,-0.292644,-1.407448,2.955454
-0.976100,-0.376151,-1.976397,0.174719
-1.010524,-0.811493,-1.127440,-0.786103
-0.954679,-0.766105,-1.263203,-0.848560
1.396325,0.189369,-1.793086,-0.021866
1.385341,0.308987,-1.878990,0.124684
1.572937,0.443092,-1.707923,2.668899
-1.715495,3.133312,-2.001520,0.016581
-1.712256,-0.216098,-0.765218,-0.823120
1.291928,0.323059,-1.411920,-0.441961
1.448436,0.692160,-1.989925,2.645639
-1.769550,3.098364,-1.986146,0.059559
-1.548141,-0.201806,-0.906840,-0.716097
1.338811,0.354953,-1.437379,-0.364544
1.499253,0.635121,-2.040863,2.640513
-1.640945,3.040212,-1.875420,0.427590
-1.676261,-0.292247,-0.698933,-0.949244
1.363563,0.337555,-1.395054,-0.496479
-1.127771,-0.597265,-1.116739,-0.693595
-1.119403,-0.555238,-1.158952,-0.694107
2.549373,2.878260,-1.187666,-0.281282
1.597724,-0.037939,-1.312336,2.314568
1.552618,-2.877616,-2.340445,0.420171
1.505195,-2.965029,-2.256460,0.308518
1.450108,-2.997719,-2.374460,0.608586
1.446488,-2.976326,-2.261779,0.465900
-1.595648,-2.878021,-1.911986,2.852284
-1.520082,-2.865444,-2.010893,2.850180
-1.328062,2.795658,-1.195501,2.839374
-1.433669,2.797669,-1.113502,2.879151
-2.238059,-3.012866,-2.333392,2.341572
-2.150257,-3.109646,-2.250199,2.165518
1.730030,-0.224622,-1.228392,2.316456
1.494020,-0.305513,-1.225680,2.585281
-1.044964,-0.293897,-1.873934,0.044839
-2.698967,-2.663262,-2.418458,2.785425
-1.253074,-0.371743,-1.226218,-0.875737
1.041465,2.220818,-2.169171,2.401342
1.613778,-0.098045,-1.855919,-0.497378
1.572609,2.693475,-2.400636,-0.423860
-2.826574,2.858691,-1.549494,2.901249
2.644314,-3.046922,-2.072983,2.223703
-1.461389,2.729770,-2.306705,0.232681
-1.716912,-2.449223,-2.561617,2.674734
-1.719376,-2.458690,-2.569631,2.667198
-1.262444,-2.655944,-1.553971,-0.190670
-1.128550,-0.589277,-1.053060,-0.845901
1.979691,-2.958181,-1.862638,2.207341
1.100717,0.380246,-2.103985,2.103152
1.679806,3.113170,-1.647027,2.703357
-1.133078,-0.621734,-1.013512,-0.884552
1.991761,-2.981546,-1.849034,2.180994
1.352099,0.005851,-1.576686,2.098963
1.676521,-3.083672,-1.810607,2.538492
1.788268,-2.454147,-1.490244,2.247238
-1.189982,-0.787135,-1.157404,-0.769111
1.416590,0.030548,-2.056161,-0.145684
1.546755,-0.262728,-1.895947,0.047684
1.361038,0.724340,-1.977168,0.123820
1.884035,-2.828953,-1.482013,2.258074
-2.417255,2.552120,-2.144314,2.416358
1.527132,-0.198591,-1.354963,2.863190
1.955964,0.364916,-0.931891,-0.850941
1.946929,0.368271,-0.911740,-0.867459
1.517986,-0.244801,-1.813819,2.325634
-1.432067,0.571918,-2.255882,2.616564
2.960320,3.082484,-2.271379,0.140431
1.010912,-2.455815,-1.244786,-0.258792
-1.254001,2.075323,-2.196072,-0.469818
-1.078458,-0.684953,-1.185162,-0.717321
-1.066813,-0.711878,-1.123928,-0.685023
0.929391,0.907113,-2.112747,0.192369
0.932167,0.903710,-2.102557,0.192655
1.722991,-0.426141,-0.947897,2.222077
-1.405554,2.947283,-1.957957,2.257264
-1.018851,2.279196,-1.964136,2.274668
1.490520,-0.125053,-0.998671,2.336436
-1.457734,2.910292,-1.764357,-0.300191
1.435226,-3.099782,-2.645981,2.458320
2.471820,2.785748,-2.403432,2.462626
1.261848,-2.792761,-2.625811,2.579498
1.376790,2.119098,-1.243023,2.447267
1.724933,3.139461,-2.135087,2.224311
1.238023,-2.699180,-2.002564,0.010145
1.526050,-0.668102,-1.810230,2.315997
1.431343,0.028278,-1.417697,-0.296561
1.404351,-0.252711,-1.346790,2.556107
-1.065120,-0.268934,-1.372478,-0.253652
1.411799,0.048997,-1.983646,2.933139
1.444909,-0.061773,-1.878693,2.889411
1.613037,2.898511,-2.385123,0.558060
-1.782062,2.881006,-2.050003,2.872157
-1.163807,-0.330147,-1.256023,-0.359393
1.413110,0.204758,-1.463441,-0.363761
-1.966201,2.965175,-2.319277,2.351380
1.201948,0.522506,-1.868305,2.951365
2.725395,-2.855837,-1.706611,0.156177
-2.315635,2.513985,-2.115685,2.764572
0.971889,-2.136035,-1.661053,0.127948
3.129169,-2.945984,-1.725774,2.257511
1.558732,-0.084362,-1.451377,2.760931
-1.150399,-0.725628,-1.078986,-0.655105
-1.132974,-0.714437,-1.022419,-0.777190
-1.540479,0.665947,-1.852630,0.353949
1.435166,0.027305,-1.818660,0.191152
-1.949955,2.572858,-2.075067,2.253139
1.811440,-0.201809,-1.061589,2.270201
-1.979411,2.485092,-1.968520,2.222065
1.915644,-0.167846,-1.053671,2.344495
1.174922,0.283524,-1.847256,2.912668
2.678629,2.877069,-1.510672,2.817079
0.952530,0.560784,-2.020055,2.680131
1.753069,2.682415,-1.569587,2.837047
3.043548,-2.690663,-1.984209,2.258590
2.959950,-2.813326,-1.969091,2.377900
1.638168,2.702616,-2.372133,2.234604
-1.297770,2.891782,-1.644967,1.958360
1.527073,-0.044639,-1.633969,0.129353
3.117515,2.839155,-2.860768,-3.081404
-1.421429,2.950417,-1.711560,1.969647
1.564536,0.007142,-1.745433,0.084128
-3.081301,2.982460,-2.861114,-3.102484
1.288955,0.245476,-1.940124,3.115387
-1.993478,2.952924,-2.178353,2.808888
1.289754,0.219258,-1.908142,-3.091185
-2.108075,2.963028,-2.121483,2.869733
-1.071583,-0.733287,-1.075171,-0.723485
-1.160196,-0.778060,-1.086913,-0.802316
1.756950,-0.176091,-1.874199,2.226969
1.195390,0.154935,-2.586411,2.857237
-2.817446,2.927383,-2.531322,2.509163
2.909830,2.912740,-1.850283,1.861999
1.261550,0.360493,-1.314077,1.979303
-2.354840,2.591037,-2.332435,2.873492
-1.219174,-0.686386,-0.956374,-0.804430
1.191924,0.313537,-2.198118,2.521322
2.070174,-2.964667,-1.625098,2.340398
-1.672166,-2.507554,-2.088086,0.179654
1.637842,-0.141228,-1.149817,2.310800
1.285938,0.383715,-2.455043,2.549141
-0.942379,-0.667672,-1.071151,-0.435018
2.590622,-3.005549,-1.779311,2.006215
1.437356,-3.108169,-2.390323,2.261530
-1.319948,-0.145037,-1.284153,-0.238954
1.466667,3.118678,-1.966930,0.430056
1.712725,-0.338182,-2.095676,-1.106719
-1.599034,2.449431,-1.427801,-0.067244
-1.836426,-0.376206,-1.193791,2.373794
1.286532,0.313211,-2.194116,0.466462
2.279230,3.068638,-1.558438,-0.041985
1.803844,-0.457555,-1.118687,2.363319
1.607065,-3.127231,-2.457092,2.595607
1.267043,0.309923,-1.677163,-0.187241
0.850262,0.549098,-1.524016,2.048321
-1.224368,3.076311,-1.944598,1.976259
-1.287953,3.125069,-1.860585,2.069956
-1.128593,2.657066,-2.349969,2.847003
1.487971,-0.196682,-1.786597,2.266390
-1.465578,0.031569,-1.936906,2.307037
-1.832669,2.729098,-1.157527,-0.646863
2.620819,-0.694087,-1.409091,-0.545797
-1.678073,-0.057179,-0.968793,-0.873796
2.391601,-2.888331,-2.434430,2.517042
-3.036164,3.133785,-2.885048,2.628683
-1.073978,2.592100,-1.669796,0.079109
-1.159391,-0.720785,-1.042369,-0.838350
-1.168528,-0.636011,-1.059882,-0.888190
-1.098398,-0.614144,-1.274253,-0.618601
-1.211691,-0.557259,-1.244967,-0.515417
1.384437,-0.045776,-2.180382,-0.352683
2.028362,3.039230,-2.030573,2.228410
1.645188,-0.283367,-1.588228,-3.096012
1.487964,-0.096420,-2.149372,-0.389655
2.005986,3.077982,-2.012091,2.227323
1.624764,-0.249085,-1.548368,-3.085557
1.367140,0.031577,-2.187672,-0.396885
1.980821,3.016690,-2.061225,2.195112
1.669032,-0.294980,-1.611239,-3.126895
-0.871135,-0.901645,-1.487368,-0.246715
1.287519,0.159941,-1.305276,2.822117
1.368719,0.138219,-2.257590,2.912517
-1.074179,-1.116504,-1.507467,-0.117393
1.120340,0.432229,-1.308612,2.956444
1.442309,0.302101,-2.443839,2.963457
-1.539353,-2.943159,-0.907954,2.096133
2.889942,2.567129,-1.779073,2.096958
2.216673,2.505040,-1.779331,2.394150
1.182988,0.244833,-1.400053,-0.426230
1.391604,0.196093,-1.736877,2.919068
-1.444303,2.285667,-2.753751,2.741332
1.014147,-2.575605,-1.436110,-0.551821
1.440613,0.172187,-2.863422,3.106398
-2.872655,2.634569,-2.373709,2.315599
1.667399,-0.096966,-1.200192,2.235870
1.604476,-0.016818,-1.188047,2.214964
1.532854,0.015718,-1.129444,2.193528
1.599158,0.012159,-1.144330,2.144294
1.351122,0.266627,-1.762140,0.474789
-1.048261,-0.526574,-1.099284,-0.724540
-1.011403,-0.866295,-1.006379,-0.829125
-1.522347,-0.157961,-1.871518,-0.556809
-1.684143,-0.084085,-1.889826,2.503630
1.684805,3.134776,-2.248077,1.817343
1.606863,0.237274,-2.101196,0.524708
-1.046175,-0.599640,-1.248424,-0.510158
-2.740468,2.842267,-1.527147,2.129845
-2.799380,2.882630,-1.509860,2.158317
2.497566,2.653621,1.222801,3.050646
0.941841,0.797091,-1.636497,2.266268
-1.078149,-0.540337,-1.258462,-0.298922
-1.974202,2.664595,-2.307241,0.730326
-1.519663,-2.826505,-1.039334,-1.057902
1.574629,0.167719,-1.513427,2.341072
1.312450,0.579162,-2.291760,0.004075
3.039111,-2.978159,-1.987858,2.870937
1.066561,0.449245,-2.185311,2.589017
1.474507,0.015722,-1.175072,2.405121
1.096789,-2.562697,-1.933725,2.160894
0.974682,-1.934504,-1.225259,-0.233340
-1.472755,2.602767,-1.963602,1.945013
1.162665,0.251412,-2.098914,2.707859
1.516744,-0.035766,-1.158149,2.386843
1.059238,-2.529619,-1.973857,2.164632
0.955672,-1.869220,-1.272832,-0.181931
-1.490430,2.619141,-2.022046,1.961420
1.053897,0.854211,-2.076629,2.769326
1.603368,-3.100949,-2.317943,2.698173
1.090972,0.813383,-2.022989,2.607985
1.593510,3.102616,-2.283681,2.722845
-1.820006,2.771728,-2.338832,2.583638
1.175917,0.668998,-2.136485,2.687394
-1.269676,-0.440040,-2.359420,1.184043
1.945629,-0.383155,-1.205855,2.123189
1.109614,0.713711,-2.105283,2.694992
-1.244684,-0.441130,-2.332343,1.128041
2.068376,-0.441170,-1.136369,2.156348
2.633871,-3.134422,-1.869741,2.245344
3.028626,-3.022364,-2.307264,2.699720
1.371865,-3.105674,-2.317741,-0.261804
2.407638,-0.559236,-0.914539,-0.838339
2.427757,-0.591626,-0.893606,-0.832894
2.417817,-0.416003,-0.946980,-0.829521
-2.542605,-2.756096,-1.291246,-0.349745
1.146786,0.530570,-1.744948,2.179628
1.232648,0.605613,-1.956167,0.139566
-3.042564,-2.972646,-1.484875,2.418473
-3.097691,-2.936852,-1.430518,2.433323
1.233840,0.306360,-1.247259,2.394139
1.237772,-1.717293,-2.120237,0.005764
1.767525,2.734874,-2.427860,2.038809
1.497905,2.524316,-2.208282,2.317443
2.866400,3.124473,-1.008574,-0.697065
3.018839,-3.101382,-1.094769,-0.596052
1.803043,2.776657,-2.551494,2.680753
2.425004,2.911577,-1.334177,2.891037
-2.532783,0.483389,-1.498858,2.762030
-2.539032,0.472686,-1.491157,2.765666
-2.545159,0.470321,-1.484252,2.749406
-2.489125,0.471925,-1.469518,2.770667
-2.520498,0.470933,-1.448345,2.748021
-2.494512,0.445309,-1.474524,2.785440
-2.538878,0.497817,-1.485206,2.742721
-2.522736,0.492338,-1.507338,2.766569
-2.561143,0.487235,-1.516432,2.777681
-2.518411,0.486316,-1.495698,2.791524
-2.473498,0.480493,-1.487093,2.778691
-2.537571,0.462430,-1.503311,2.766204
-1.841589,0.089182,-2.370899,2.728359
1.374000,0.173300,-2.511076,-2.814358
-1.865760,0.089767,-2.309207,2.740731
1.446348,0.026179,-2.435575,-2.784850
-1.853360,0.033971,-2.297391,2.699980
1.324157,0.072096,-2.433982,-2.733784
-1.455541,-0.026802,-2.199150,0.166926
1.654418,-0.095752,-2.398966,2.055147
1.652935,-0.141790,-2.425385,2.104259
-1.228615,2.704180,-1.532548,2.246321
-1.332134,2.732182,-1.605054,2.265594
-1.635968,0.370391,-1.766341,2.840076
3.054219,2.864802,-1.363619,-0.698970
-1.336169,3.041264,-2.182595,2.675217
1.304191,0.057154,-2.357413,2.641382
1.822755,0.150446,-0.905007,2.392417
-1.005595,-0.792046,-1.176036,-0.763645
1.481971,-0.186439,-1.640582,2.865032
-2.488803,3.096091,-1.738141,-0.420690
1.719572,-0.096027,-2.086459,2.260693
-1.094129,-0.709385,-1.212897,-0.702317
1.590848,-0.285427,-1.676946,2.856199
-2.672530,-3.135334,-1.784708,-0.464612
1.654245,0.003178,-2.033333,2.172003
-2.959706,3.023165,-1.688101,2.253421
-1.331344,-0.732267,-1.622530,-0.417821
1.500829,-0.023977,-1.245618,2.278849
-2.881228,-3.062594,-2.536701,2.507131
1.073206,0.588302,-2.460039,-3.080489
1.919193,-0.256709,-2.356030,-0.748878
0.752988,-2.111122,-1.361396,-0.090498
-1.103104,-0.670680,-1.180770,-0.713342
-0.899707,-0.740454,-1.042417,-0.556861
1.889386,2.340602,-2.688353,3.057139
-0.957681,-0.714747,-1.038143,-0.588309
1.837366,2.382785,-2.717070,3.103168
-0.939315,-0.670059,-1.817521,-0.628987
-1.329929,0.177457,-1.945726,-0.091879
-2.182189,-3.083707,-2.135743,0.641648
-2.210016,2.651822,-2.168775,2.316788
0.882750,-2.184275,-1.107834,-0.168169
-2.654290,0.776371,-1.555190,-0.645805
-2.749500,0.910035,-1.637258,-0.644609
-2.767493,0.702651,-1.487699,-0.726444
-2.651598,0.863856,-1.519585,-0.720989
1.724507,-0.253781,-1.940622,2.135899
3.133306,-3.034786,-1.651290,1.671082
1.333787,0.187456,-1.366878,-0.331007
1.299657,0.356918,-2.201993,3.049037
1.426138,-2.764268,-2.033759,2.890381
1.541740,2.689618,-2.233386,-0.291750
2.613874,-3.102817,-1.946832,2.246110
-1.182627,-0.504555,-2.377329,2.280833
-1.651469,-2.086807,-2.685484,2.552491
-1.083440,-0.679730,-1.102834,-0.695355
-2.912936,-2.386201,-2.557837,2.913306
-3.084112,2.807044,-2.562829,-3.096130
1.300532,0.289763,-2.206782,2.984209
1.241701,0.467449,-2.248924,-0.466623
-1.150834,-0.616657,-1.145067,-0.681998
-1.223048,-0.475684,-1.170405,-0.666875
2.749145,2.839700,-1.132842,-0.347104
1.991538,0.068478,-1.983059,2.830425
-1.647000,0.002952,-2.173570,2.268344
1.643392,-3.036757,-1.515904,2.948742
-2.462531,2.433495,-2.460822,2.645713
-1.658879,-0.015672,-2.131414,2.238417
1.673067,3.140634,-1.471631,2.943434
-2.369150,2.354057,-2.510212,2.577032
-1.607515,0.002380,-2.194045,2.306673
1.732719,-3.070488,-1.524873,2.945772
-2.410998,2.410500,-2.474356,2.560591
-1.638456,-0.003646,-2.139877,2.218816
1.772923,-3.076952,-1.553344,2.873124
-2.377470,2.346549,-2.522907,2.559385
1.674759,-0.220560,-2.016901,-0.628083
1.496376,-0.143351,-1.742619,2.653139
-1.705629,2.869348,-2.449935,2.625439
1.603549,-0.248637,-1.474718,-3.103813
-1.351393,2.601245,-2.170589,-0.025407
-1.343475,-2.949633,-1.581126,-0.741213
2.702758,-2.648354,-2.296904,-0.102790
1.417956,0.041467,-2.185895,2.854642
1.603251,-0.199875,-1.502048,-3.099581
-1.408373,2.662442,-2.140183,-0.039286
-1.336431,-3.036429,-1.485282,-0.671970
2.710203,-2.690574,-2.263501,-0.166909
1.420323,0.031765,-2.111868,2.884465
-1.130796,-0.711490,-1.278992,-0.618077
-1.498905,1.307568,-2.446888,2.679588
-2.136534,-2.265886,-1.460816,2.893356
2.708194,-2.748134,-2.692102,3.000216
1.085062,-2.677103,-1.174707,2.844794
2.768561,-2.689144,-2.781581,2.989216
-2.025024,-2.141185,-1.597543,2.899316
2.741324,-2.722787,-2.784787,3.016274
1.197098,-2.521545,-1.441724,2.838056
2.572502,-2.689982,-2.742434,3.023752
1.833375,2.529120,-0.939366,-0.495286
-1.068446,-0.765815,-1.153092,-0.801192
-1.455486,2.791185,-2.377442,2.923259
1.714822,0.025175,-1.222717,2.193450
-1.334622,-2.952358,-1.280128,-0.823455
1.544980,2.556694,-1.162011,2.168237
1.844836,-0.528601,-1.735626,2.250347
1.708373,-0.240506,-1.734337,2.224141
2.417986,-2.824836,-1.969957,2.226135
0.991810,-2.158657,-1.747772,0.003807
-1.458392,2.838129,-1.051552,-0.747720
-1.150079,-0.902121,-0.943857,-0.830286
-2.334974,-0.336385,-2.228996,2.678944
-1.074612,-0.306096,-1.173028,-0.266401
1.803898,2.997720,-2.352226,1.938941
1.505346,2.649488,-1.076142,-0.753640
-1.681313,0.139629,-2.270946,2.841801
-1.189382,-0.642784,-1.149894,-0.828180
2.163713,-3.039436,-1.861960,2.302938
1.970301,-0.189512,-1.113529,2.209272
2.688080,-2.812050,-2.254722,2.902195
-1.235794,-0.548140,-1.117092,-0.726940
1.373565,-2.773099,-2.044880,2.452826
-1.020380,-0.768703,-0.981210,-0.755121
0.776749,-2.210773,-1.792766,0.274270
1.581246,-0.191306,-1.384758,2.588466
1.495965,0.322006,-1.622942,0.975893
-1.082486,-0.741360,-1.115335,-0.740301
-1.187282,3.029292,-1.676911,1.933095
1.409390,-0.876129,-1.706782,-0.471613
-1.994483,-2.656173,-1.638141,1.833879
-1.131438,-0.512127,-1.116267,-0.732018
-1.906296,-2.702044,-1.573787,1.925365
-1.056133,-0.498568,-1.169451,-0.753145
-1.343209,2.927812,-2.483697,2.237077
-1.342077,2.876673,-2.461820,2.272450
-2.912176,2.994824,-0.922169,2.550258
1.754258,2.736940,-1.006761,2.315950
-1.589497,2.489400,-2.629613,2.711001
1.356383,3.099677,-1.933165,2.726515
1.567523,0.017703,-1.160446,-0.665599
-2.315868,2.980995,-1.905565,2.402881
1.270273,0.821023,-2.114468,2.755930
2.497783,-2.654959,-1.218544,2.816420
2.173093,-2.561747,-1.231240,2.958678
1.666124,-0.298667,-1.071636,2.334649
1.440824,-0.073540,-2.035518,2.848696
1.517862,-0.029537,-2.017148,2.709352
1.451135,-0.058513,-1.970767,2.706526
-1.108427,-0.773151,-1.164232,-0.682922
1.544854,-0.016132,-1.440733,-0.689516
-2.454675,2.374515,1.364508,-0.483879
-1.088276,-0.635841,-1.191983,-0.803375
0.940475,-2.387342,-1.116869,-0.480706
1.500874,2.888065,-1.080805,2.512846
1.359273,0.567618,-1.452479,2.884996
1.612770,0.166529,-1.266305,-0.562253
1.260632,0.270619,-1.466309,-0.198749
1.143603,-2.498061,-1.640287,2.666811
-2.367248,2.479160,-1.519698,2.785894
-1.391172,2.915731,-2.306570,3.105977
-2.302978,3.036996,-2.650964,2.556896
-1.088960,-0.858757,-0.940210,-0.716258
2.240557,0.743342,-1.756603,-0.094212
2.286989,2.691949,-2.094587,0.220201
-2.281406,2.331837,-1.891517,2.320123
1.173921,-2.439038,-1.678308,2.631895
-2.375621,2.490136,-1.553150,2.765533
-1.424904,2.933009,-2.329205,3.061989
-2.264600,3.015961,-2.637054,2.558815
-1.087332,-0.835382,-0.981702,-0.718968
2.295888,0.636062,-1.676730,-0.178587
2.182395,2.698246,-2.129812,0.180143
-2.308146,2.331167,-1.903049,2.304335
1.425348,0.071796,-1.376943,2.417808
-1.314322,-0.681925,-1.591601,-0.460569
-1.370025,2.454136,-1.461780,-0.521988
1.645516,0.014360,-1.596049,1.831856
-2.347208,2.300603,-2.215975,2.609788
1.985018,2.842949,-2.277099,2.287108
-2.414903,2.359986,-2.302290,2.638861
2.130930,2.788699,-2.287956,2.363505
1.484578,0.271165,-1.017010,2.253887
1.616841,0.528806,-2.614648,2.748622
2.718059,-2.966270,-1.684049,2.119657
1.844765,-0.759041,-1.823765,2.439469
-3.082517,2.962294,-1.909171,2.109910
-2.023540,2.986291,-2.317574,2.341881
1.850816,-0.291614,-1.282154,2.046465
-1.754759,-2.433776,-1.977001,0.232145
-2.935187,-3.004135,-1.810515,2.740615
-2.951303,-3.117782,-1.808726,2.734402
-1.477706,-0.160373,-2.028925,2.686458
-1.111694,-0.676206,-1.247160,-0.760224
-1.115494,-0.701690,-1.071341,-0.810237
1.603112,-0.078048,-1.246965,2.246677
1.611924,0.208410,-2.468161,2.707556
-1.010174,-0.737451,-1.146746,-0.605340
1.609722,-0.051958,-2.440383,2.878994
-1.765029,2.280820,-3.003956,2.438003
-1.123400,-0.601911,-1.127378,-0.705343
-2.399806,2.322252,-2.472263,2.859144
-2.855935,2.824401,-2.012341,2.267915
-1.848219,-2.588572,-1.747742,0.306404
-3.023555,-2.386681,-2.223733,1.704634
1.288436,0.227415,-1.551000,-0.210336
-2.870232,3.098560,-1.519292,-0.014070
-0.985024,-0.742348,-1.075282,-0.553658
2.686341,-2.546111,-2.065099,0.524314
-2.907098,-2.727501,-2.225050,2.689164
1.631327,-2.925959,-1.575762,2.268208
-1.712989,0.338326,-2.327284,2.363265
1.544908,0.187630,-1.750576,2.273727
1.701070,0.276186,-1.823216,2.122144
1.468666,0.179547,-1.432179,2.131647
-1.053526,-0.881009,-1.224870,-0.486647
1.279237,-0.082811,-1.193515,-0.296433
1.196843,-2.936827,-2.086773,2.860526
2.020965,2.934849,-1.865210,-0.093279
1.034116,-2.173909,-1.914218,0.197332
1.921370,3.139251,-1.451656,-0.066871
-1.643451,-3.065018,-1.045622,2.260148
-1.326492,1.957910,-1.661435,2.417640
1.589544,-0.131492,-2.140236,2.694012
1.418274,0.114800,-1.003629,2.587340
-1.765035,-2.693342,-2.549850,2.951503
-2.992546,-3.028696,-2.575151,3.049717
-1.119729,-0.723061,-1.030220,-0.802949
1.171414,0.454421,-1.607554,0.120980
1.877429,-0.184275,-1.678576,-0.222728
1.638294,0.182702,-2.191642,2.984644
1.156626,-2.323448,-1.429921,-0.031006
1.627969,-0.217877,-1.058381,2.339105
1.425028,0.502287,-2.062147,0.187022
1.338569,0.482239,-1.996247,0.151388
-1.101140,-0.782436,-1.042834,-0.790274
1.477746,-1.674277,-1.702372,-0.438987
-1.547493,1.288627,-1.340576,3.039408
1.471284,-1.633658,-1.788610,-0.376261
-1.574954,3.050240,-1.473323,3.131491
1.437737,-1.593544,-1.788358,-0.380056
-1.620584,-3.082164,2.053452,-0.376272
1.465918,-1.615257,-1.766337,-0.434692
1.445124,0.409335,-2.248181,2.423748
-2.717486,-3.063103,-1.994268,3.027246
-2.787823,3.126595,-1.950216,3.001052
-1.259412,-0.455985,-1.640664,-0.047408
-1.566813,2.867517,-2.308223,2.689292
1.526533,0.002556,-1.109179,2.444689
1.647559,2.813948,-0.997482,2.292028
-1.132809,-0.426910,-1.710616,-0.108913
-1.510443,2.987350,-2.423375,2.706741
1.643151,-0.049799,-1.137130,2.440431
1.590464,2.793536,-1.067617,2.255872
-1.659411,-2.053177,-1.695580,0.003464
0.921943,-2.342959,-1.204608,-0.078106
1.621050,-0.208047,-1.109341,-0.537085
1.674819,-0.301231,-1.068732,-0.584811
1.738932,-0.291257,-1.101765,-0.569393
1.772829,-0.257302,-1.128273,-0.515058
1.736706,3.067319,-1.187872,2.913841
1.361778,0.223111,-1.731649,2.723401
-1.276928,2.956946,-1.262923,2.700626
-1.190568,2.433289,-2.194888,0.410357
1.153804,0.555823,-1.894051,-0.252395
-1.232364,2.951772,-1.238719,2.710604
-1.210470,2.436619,-2.174292,0.459319
1.215689,0.514015,-1.794866,-0.242778
-1.537830,0.156642,-2.419354,2.706202
-1.597335,0.226136,-2.418126,2.737865
3.110598,3.124275,-1.952706,2.297700
2.146881,1.846107,-2.480285,2.656611
3.089397,-3.125099,-1.911221,2.341557
2.154274,1.925244,-2.528448,2.648322
-1.500802,-0.197272,-1.706748,3.041158
-1.569707,-3.134673,-2.215488,2.750425
-2.948315,3.045056,-2.203629,2.177715
1.337847,0.146358,-2.261598,-0.063997
1.530199,-0.118771,-1.099778,2.267019
-2.996651,2.765289,-1.691906,2.788746
2.955046,-2.906758,-2.451131,2.706102
-3.055803,-2.556581,-2.335229,2.871438
1.691617,-0.323400,-1.858549,-1.133772
-1.104563,-0.622552,-1.075597,-0.498683
1.829369,-2.682138,-0.699531,2.226537
1.680235,-0.334003,-1.833337,-1.004406
-1.145789,-0.597872,-1.059385,-0.515675
1.948705,-2.656798,-0.974345,2.291017
-1.128070,2.619293,-1.838990,2.569889
2.875875,-2.176565,-1.203096,2.410218
-1.364674,2.965209,-2.524587,2.931886
-1.070140,-0.742900,-1.176603,-0.632340
-1.645696,-2.164334,-3.088683,2.469080
1.182725,-2.661497,-2.244050,1.286766
-1.202643,2.641859,-2.066688,2.859597
-2.471129,3.046726,-2.314624,2.530611
-2.512743,3.096779,-2.340928,2.558719
-2.520849,3.094477,-2.311751,2.558816
-2.493246,3.066868,-2.305119,2.537762
-1.357963,-0.710049,-1.566032,2.749772
-1.283949,-0.164108,-2.098706,0.040639
-1.105107,-0.757910,-1.085911,-0.742434
-1.225521,-0.783195,-1.119594,-0.559968
1.373914,0.105927,-1.822076,2.716591
1.405972,-1.136677,-1.266559,-0.201096
-1.259399,2.492790,-1.963412,0.368642
1.698414,-0.063921,-1.426267,2.177601
-2.214065,2.688579,-2.641752,2.539628
-2.512928,2.785685,-1.925702,2.556693
1.334600,-3.055148,-1.936071,2.427208
1.159760,-2.774104,-2.049300,0.057702
1.207772,-2.916175,-1.850449,2.663565
1.263289,-2.818060,-2.068544,0.099353
1.435754,0.174021,-2.095236,-2.098666
1.723034,0.154716,-1.610577,-0.165576
-1.360899,-2.976510,-0.961757,-0.799508
1.590415,-0.240805,-1.224979,2.285763
2.529937,-2.586909,-2.245183,0.511094
-1.144177,-0.785588,-1.158970,-0.750878
2.520516,3.130148,-1.705689,2.144785
-1.497635,-2.374593,-1.841687,3.128746
-1.110046,-0.671699,-1.112269,-0.732680
-1.102745,-0.670873,-1.111395,-0.670619
2.671428,-2.994280,-1.865007,2.189615
2.720546,-2.634692,-2.411233,2.693515
-1.261860,3.080686,-1.837915,1.990957
-1.232130,2.334454,-2.358511,2.805557
2.314531,-2.790285,-1.788858,2.358567
2.926764,-2.620826,-2.406244,2.554042
-1.341719,3.117827,-1.831679,1.961725
-1.077973,2.274562,-2.359608,2.887602
2.316661,-2.668059,-1.907077,2.369181
2.980077,-2.741406,-2.392208,2.373752
-1.370586,3.068390,-1.760352,2.006756
-1.110865,2.261774,-2.390581,2.895811
2.664684,-3.012730,-1.841664,2.134322
2.785136,-2.756569,-2.319129,2.666297
-1.273879,3.120172,-1.902245,1.994660
-1.067103,2.356980,-2.430652,2.700463
1.587492,0.168087,-1.239821,2.652833
-1.622719,3.023936,-1.022769,2.348022
1.430096,0.276198,-2.472741,2.855882
1.303598,-2.803105,-2.435700,2.426083
1.629703,0.011470,-1.293823,2.207869
0.957248,0.436776,-1.789876,1.980157
-1.038199,2.591907,-1.130432,-0.269282
1.621453,-0.221181,-1.044291,2.162849
-1.114850,2.626774,-2.027153,2.131559
-1.772329,-2.877907,-0.920532,2.180185
1.602032,-0.439815,-1.629628,2.766941
-1.526684,0.284757,-2.199846,2.772717
1.609835,-0.486226,-1.580733,2.764638
-1.515676,0.225315,-2.155885,2.791650
1.101968,0.203959,-1.711102,-0.349887
1.144961,0.061224,-1.526522,-0.399663
2.123271,1.106377,1.886039,0.563030
-2.961525,-2.504793,-1.681818,0.643811
-2.654662,-2.393931,-1.437029,2.467849
1.320020,-2.899496,-1.614857,2.283299
1.736771,-2.844476,-1.871122,2.327842
1.520943,-0.264090,-1.850833,3.050445
-0.877344,-0.707900,-1.069934,-0.777913
2.126001,-3.082899,-1.798935,2.206343
1.765502,-2.671529,-1.754430,2.271844
1.667245,-3.108240,-1.122269,2.318581
1.653991,0.016039,-1.704348,-3.140969
-1.775542,0.095834,-1.803730,-0.857352
-2.257776,-2.871848,-0.975806,-0.680350
2.455395,2.769154,-2.016335,0.215785
-1.084656,-0.416498,-1.605240,-0.074293
-1.808708,2.473154,-1.707439,2.193392
-1.180105,-0.819983,-1.044961,-0.703066
1.532252,-0.125505,-1.700001,2.887054
-2.186154,-2.646740,-1.838766,2.364056
1.012930,-2.090325,-1.893935,0.519046
0.989691,-2.211405,-1.809674,0.467797
-1.582270,2.517879,-2.464979,2.213501
-1.738592,-2.855597,-1.226197,-0.330478
1.277553,0.240606,-2.708889,2.700368
2.686627,-2.858090,-1.720207,2.911094
2.995619,-2.923021,-2.796759,2.946558
-0.890738,-0.861284,-1.309326,-0.539560
1.406970,2.731622,-1.727425,2.636855
1.566573,-2.742676,-1.846770,2.991315
-3.134219,-2.868812,-2.396007,2.376404
-2.407717,3.079458,-1.639833,2.885343
2.333946,-0.207312,-1.239639,-0.416228
1.590462,-0.117499,-1.728048,2.702235
2.195270,-2.920522,-1.095308,-0.664599
2.280851,-2.864075,-1.099749,-0.625813
2.293779,-2.908390,-1.090801,-0.583860
2.232539,-2.932904,-1.068362,-0.647251
2.357208,-2.928381,-1.052956,-0.676634
2.266354,-2.863621,-1.119951,-0.601091
2.273244,-2.965056,-1.115915,-0.630571
2.325294,-2.868107,-1.201485,-0.607438
2.324432,-2.869630,-1.136508,-0.669698
2.340264,-2.798648,-1.107469,-0.644348
2.345789,-2.888881,-1.147662,-0.533305
2.327411,-2.824984,-1.182439,-0.567481
2.225268,-2.843800,-1.158319,-0.515662
2.218380,-2.838966,-1.110121,-0.606822
2.221505,-2.869866,-1.097550,-0.691778
2.258317,-2.838205,-1.174889,-0.592112
2.304195,-2.872556,-1.070494,-0.716129
2.234930,-2.933746,-1.100748,-0.687739
2.360262,-2.877849,-1.111420,-0.643365
2.232690,-2.936692,-1.099122,-0.685801
2.220958,-2.897669,-1.156697,-0.510579
2.229756,-2.876402,-1.072092,-0.630716
-1.551538,3.120152,-1.975585,-0.084448
2.368745,-2.908441,-2.062908,2.428607
-1.189235,-0.749626,-1.198547,-0.670527
2.516159,-3.088979,-1.872660,2.219699
-1.091277,-0.910092,-1.118708,-0.590766
1.522539,-2.618745,-2.214745,2.093058
-1.687246,-1.922952,-1.540857,-0.224788
-2.874841,-2.501167,-1.385906,2.011817
2.762564,-2.817822,-2.349269,2.835633
-2.233896,2.868062,-1.947775,2.279601
-1.007151,-0.681540,-1.195133,-0.889405
-2.297181,2.727675,-2.663762,-3.043134
-2.219967,2.686001,-2.646525,-3.012952
-2.328166,2.802612,-2.327049,2.228499
1.430248,-0.886916,-2.412888,2.294213
1.401369,0.227335,-2.352580,2.937758
-0.991468,-0.740807,-1.050898,-0.704057
1.570993,-0.088902,-1.698119,2.774877
-1.840745,0.508749,-1.968029,2.756953
-0.869832,-0.718267,-1.246829,-0.357807
-0.973407,-0.470937,-1.279786,-0.452474
1.112938,0.475856,-1.917488,0.293615
1.101721,0.568788,-1.987472,0.203328
1.210336,0.550802,-2.060484,0.214618
1.295262,0.230099,-1.733463,0.266081
-1.108164,-0.696841,-1.024370,-0.875501
1.396452,0.394280,-1.317822,2.880380
-1.601046,-2.907086,-2.132515,0.198388
-3.013843,-2.899521,-2.504881,2.432046
1.457584,3.062460,-1.186972,2.129529
1.420450,0.236794,-2.011698,3.136198
-1.142813,-0.545094,-1.102440,-0.735764
1.934896,0.132815,-2.004051,2.024732
1.621288,0.045994,-1.850172,0.391750
-2.598174,-3.104760,-2.053705,2.309268
-1.003317,-0.637207,-1.017922,-0.763586
1.891683,0.211363,-2.023057,1.967048
1.712704,0.012282,-1.890282,0.333301
-2.584831,-3.078053,-2.039322,2.257268
1.443580,0.482172,-2.341124,-0.845556
1.363644,0.580040,-2.492779,3.044748
-1.887082,3.097027,-2.524173,2.569526
1.295334,0.346984,-2.526126,0.381928
-0.870605,2.468026,-1.081604,2.049150
-2.916382,0.819383,0.741239,0.385108
2.289670,-2.516362,-2.422660,2.266124
1.503928,-0.256566,-1.570392,3.046789
-0.862526,2.513150,-1.134469,2.004457
1.310268,0.964404,-2.985444,1.344319
1.703180,-1.528976,-2.394981,2.445130
1.600659,-0.460432,-1.530887,3.002861
1.431876,0.060804,-1.261113,-0.492736
1.389482,0.184064,-1.316645,-0.349112
-3.098614,-2.759314,-1.258479,2.785398
1.669100,-3.116568,-1.914865,2.305872
1.790244,-0.226938,-1.745483,-0.052116
-1.965907,-2.796979,-1.976378,-0.050876
1.412938,0.260646,-1.183094,2.167704
1.707806,0.141640,-2.402285,3.033661
-2.276337,3.034135,-2.374918,2.389561
1.588756,-0.131514,-2.088518,3.114521
-2.393272,3.059178,-2.349945,2.375525
-1.494060,0.011467,-1.391404,-0.140376
0.800019,0.788488,-1.260776,-0.147410
1.432332,0.433395,-1.222027,2.277652
1.728826,-0.153024,-1.735867,2.435279
1.222205,0.673276,-1.174012,2.891774
-2.833639,3.096800,-2.307501,2.339704
-3.039652,3.012652,-2.163947,2.696451
1.702533,1.170618,1.109798,2.906120
1.233296,-1.879286,-1.879502,0.156851
1.198229,-2.751508,-2.464852,-3.056174
1.462395,-0.126764,-1.529211,2.529648
1.127258,1.013242,-1.430912,2.286535
2.548370,-3.043344,-1.413542,2.453769
-1.620755,-0.446195,-2.178604,-0.861319
-2.245262,-2.832054,-2.397073,2.896339
-2.160867,-2.847322,-2.290883,2.928909
1.785971,2.804339,-1.404254,-0.257260
1.290674,0.264746,-2.526626,2.674173
-2.143450,2.606461,-2.127934,2.334964
-1.689721,0.217849,-2.099605,0.562358
-1.193311,-0.636147,-1.052910,-0.865588
-2.243188,2.495843,-1.965958,2.354349
-1.691916,0.299037,-2.219652,0.571365
-1.149892,-0.711980,-1.026829,-0.831704
-1.177715,2.648319,-2.521781,2.849586
1.211281,0.220600,-1.097304,2.537075
2.753539,-2.893427,-1.778254,2.840219
-2.850727,3.006341,-2.514689,2.395612
1.296385,2.971545,-2.356927,2.728953
1.092287,0.771973,-3.008430,2.727646
1.822521,-0.070204,-1.136620,0.021729
1.685186,-2.804143,-1.779226,-0.039339
1.844999,-0.340516,-1.321952,2.544816
-1.437741,-0.455120,-1.415673,-0.791211
-1.444520,-0.404428,-1.457333,-0.731588
1.490060,0.141577,-1.205313,-0.705755
1.209489,0.584566,-2.148215,3.113208
1.462033,0.174524,-2.150426,2.963155
1.143441,0.419889,-2.300033,-1.345131
1.593033,-0.052240,-1.027906,-0.801149
1.185956,0.581120,-2.124677,3.073480
1.566029,0.057991,-2.090981,3.007722
1.113625,0.312635,-2.231660,-1.340452
1.534299,0.105716,-1.130673,-0.811487
1.156757,0.679019,-2.307260,3.086808
1.486070,0.137635,-2.183267,2.924193
1.068980,0.405356,-2.221943,-1.293747
1.550007,0.080331,-1.131794,-0.748671
1.145536,0.692907,-2.284373,3.125641
1.557997,0.097069,-2.133410,2.961743
1.118592,0.426357,-2.195882,-1.224375
2.693020,-2.766920,-1.772891,2.212183
1.642027,-0.061245,-2.118888,2.340744
1.055646,-2.635547,-1.047591,-0.805662
-2.265718,2.348720,-2.509937,2.551167
-2.928576,2.738634,-1.655029,2.832160
3.045086,-2.987003,-2.404672,2.694677
-3.030879,-2.719244,-2.257311,2.813891
-2.988976,2.717870,-1.623902,2.794500
3.039480,-2.921959,-2.386653,2.649670
3.121177,-2.528344,-2.393832,2.849404
1.653254,-0.069760,-2.007325,2.206916
1.220323,-2.911035,-1.264214,2.149212
-2.441905,2.449385,-2.327162,2.384357
-1.389352,3.105770,-1.921008,2.057319
-1.966165,3.052842,-1.773370,2.190347
1.309334,0.377297,-1.262890,2.877747
1.549649,-0.007401,-1.191023,2.328541
1.403573,-0.047038,-2.144377,0.317440
-0.968045,2.387783,-2.402524,2.306775
-0.880785,2.375133,-2.420844,2.322242
-1.055946,2.409973,-2.392356,2.342120
1.401327,-0.006146,-1.735727,2.968774
1.463612,3.092312,-0.981092,-0.593237
-1.191525,2.639828,-1.341435,-0.420698
-1.268725,-0.120556,-1.601841,-0.308741
-1.302896,2.834048,-1.268698,2.626033
1.683731,0.211132,-1.629194,2.217488
1.450526,3.069880,-1.066923,-0.597788
-1.066811,2.714967,-1.438316,-0.488238
-1.129391,-0.115226,-1.681817,-0.236575
-1.242292,2.880954,-1.319756,2.559967
1.620914,0.068227,-1.570580,2.174103
1.652885,-0.011946,-1.139558,2.625536
1.915699,-0.263004,-1.149458,2.310584
1.619340,0.249347,-1.477675,2.300821
-1.577826,-0.502789,-2.229762,-0.047607
1.774804,0.099031,-2.149499,2.725261
1.027748,0.735273,-1.622201,2.978382
1.316028,-3.122039,-0.971243,-0.667368
-2.195334,-2.959725,-1.516223,-0.281357
-1.119635,2.759794,-2.123093,2.997991
-1.209141,2.911564,1.025496,0.921300
-1.235351,-0.204802,-1.693091,2.315864
-2.250361,2.753137,-1.442032,-0.124665
-1.064296,-0.725081,-1.011447,-0.790463
1.247572,-1.999000,-1.880904,0.124629
1.758906,0.228362,-1.293858,2.851723
-1.803112,2.872378,-2.324314,-3.080145
-1.379670,-0.408393,-2.395514,2.804919
1.604830,2.900170,-2.007450,-0.363814
-1.285642,-0.063087,-2.072134,-0.974284
-1.698149,2.977772,-2.405862,-2.989297
-1.311586,-0.438228,-2.356538,2.776672
1.658084,2.979960,-2.109036,-0.383796
-1.210046,-0.132043,-1.988643,-0.909115
-1.793824,2.949797,-2.325971,-2.998487
-1.346011,-0.446428,-2.378898,2.822875
1.699256,2.915568,-2.034289,-0.320096
-1.133517,-0.153236,-2.003514,-0.913216
-1.856582,2.968756,-2.304370,-2.990448
-1.364055,-0.469076,-2.341131,2.793693
1.705082,2.986353,-2.106569,-0.336639
-1.216304,-0.134724,-2.014799,-0.938393
