0.949813,0.629146,1.338628,0.101622
1.009595,0.632106,1.550378,-0.150420
-1.704143,-0.645760,-1.537824,2.391406
-2.234963,0.517070,-1.970784,3.103964
0.937942,0.667962,1.431558,0.023808
-2.717434,2.800490,-3.085779,2.392809
-2.391205,2.072060,1.695526,2.245449
-1.756076,0.000160,2.349368,-3.035020
-1.429933,-0.612136,2.945910,-2.992047
-1.493845,-0.628403,2.696113,-3.022301
-1.830040,-0.937552,2.003600,-0.485825
-1.850836,0.327261,1.390161,0.365659
-2.270928,2.584449,2.549373,2.878260
-1.742716,0.183502,1.378726,0.420753
-1.627904,0.218013,1.359941,0.417761
-1.646399,0.243253,1.411941,0.361928
-1.667594,0.209772,1.401531,0.346028
-1.451735,1.639221,-1.088553,-0.560366
-1.450898,1.735298,-1.147677,-0.558366
-1.729315,0.167183,1.358423,0.231689
-1.916267,-0.028710,-2.891224,2.882293
0.923348,0.641439,1.230142,0.241009
-2.015966,0.067411,-2.080759,0.124019
-1.832696,-0.032084,-2.839242,2.886116
1.020867,0.629116,1.356967,0.202233
-2.049418,0.190443,-2.152460,0.193990
-2.202722,1.340425,1.167154,0.706344
-0.981555,2.266202,1.704949,-0.247450
-2.827068,1.267409,2.079839,-2.356316
0.904136,0.750650,1.320002,0.027000
-2.422605,1.579906,-1.157510,-0.533187
-1.819081,2.792389,1.738554,3.095907
-1.478253,2.205263,-3.049803,-2.794267
-1.553816,-0.482772,3.012690,-2.307369
-2.450468,2.648690,-1.728853,-3.085367
-1.082273,2.909052,-2.684669,-3.098954
-1.723602,0.243269,1.520598,0.432009
-1.691408,0.152582,1.570503,-0.204577
0.940986,0.753837,1.244138,0.016517
-1.784227,0.139380,1.550959,0.116560
-1.799211,0.145800,1.447342,0.266494
-1.342836,0.053390,1.350753,0.240413
0.916051,0.760251,1.182184,0.196806
-2.104099,0.381890,1.388869,0.276009
-1.780196,0.209411,1.345473,0.331055
-1.533473,0.077091,1.318341,0.295243
-1.051004,-0.724801,-1.186648,-0.760549
-2.095093,-0.152623,1.353663,0.296073
-1.762120,1.508787,-1.485570,2.976041
1.025320,0.752095,1.979691,-2.958181
-1.058760,-0.848973,-0.984619,-0.859544
1.045903,0.727663,1.991761,-2.981546
-1.000528,-0.827172,-1.005778,-0.825039
0.821431,1.085196,1.834225,1.436003
-1.962134,2.010836,-2.245469,2.574255
1.027588,0.977500,1.396820,-0.159181
-1.291710,2.728595,2.009728,3.082464
-1.249251,2.811729,1.901841,3.033446
1.027406,0.831134,1.229918,0.222580
1.089865,0.189082,1.099603,0.292730
-0.987601,-0.486716,1.351505,0.424474
-1.470614,0.061294,1.476062,0.182623
-2.459155,0.601791,1.090587,0.284735
-2.668606,1.697747,-1.095464,-0.618238
-2.667419,1.700438,-1.090318,-0.630595
1.035931,0.466139,1.563472,0.098674
-1.773463,0.037464,1.554050,0.164253
-2.034325,0.020551,1.255573,0.310038
1.025625,0.505573,1.568098,0.002396
-1.647338,-0.000490,1.540634,0.358467
-1.974292,0.379662,1.261887,0.341594
-1.043028,2.341842,-1.503330,3.138108
-1.875662,0.473311,-1.343851,2.736227
-1.508753,0.405725,1.336306,0.237543
-1.992587,0.459433,-1.542742,0.404900
-1.042684,-0.640262,-1.071565,-0.738985
-1.051105,-0.647414,-1.062826,-0.736381
-1.968984,0.473702,1.371041,0.359718
-1.816069,0.304415,1.467394,0.254716
-2.165601,1.829157,-1.019380,-0.585175
1.034462,0.662957,1.327614,0.140908
-1.139976,1.901391,1.749985,0.029209
-1.581073,1.737107,-1.161020,-0.473289
1.340329,0.560959,-1.137473,-0.706146
-3.010882,-0.236112,-0.923656,2.978064
-1.607396,1.854876,-1.964756,0.871087
-2.477869,-2.859329,-1.065120,-0.268934
-1.408884,-0.053658,1.543457,0.086669
0.907181,0.679135,1.410946,-0.160020
-1.662765,0.217145,-1.541736,-3.018940
-1.748577,1.818256,-2.019178,0.035593
-0.979916,2.197228,1.557896,-0.050235
-1.727609,1.842006,-2.079363,0.100075
-0.994709,2.245909,1.416779,0.043520
-1.376950,-0.244998,1.486894,0.282144
-1.375449,-0.095240,1.370919,0.285158
-1.350263,2.909741,-1.330761,0.020864
0.968174,0.549561,1.003268,0.463845
-1.933978,-0.125187,1.201948,0.522506
-1.246591,-0.294185,1.486058,0.291568
-2.603532,1.461785,0.905264,-2.260272
-2.549275,2.730113,-1.406656,-3.106131
-2.361589,0.273868,-1.497646,3.039048
-0.965861,2.211517,1.431567,0.024721
0.970387,0.760202,1.278449,0.181654
1.112219,0.485028,1.230114,0.136700
-1.707106,0.250603,1.186575,-0.060996
-1.767054,-0.162762,2.233609,-2.701765
-1.688376,0.056522,1.361813,-0.117592
-2.195743,0.966643,2.064086,-3.006503
-1.698050,0.040878,1.294535,0.067790
-1.663984,-0.249100,2.476572,-2.720460
-1.576151,0.070039,1.181548,0.029720
-1.618771,-0.310284,-2.957064,-2.963429
-0.932387,-0.840329,-0.843477,-0.711103
-1.101569,-0.716895,-0.957082,-0.567594
0.886741,0.722704,1.382335,0.000151
-1.831176,0.343056,1.447144,0.266694
-1.903202,0.340433,1.423766,0.251545
-2.081132,0.124682,1.195390,0.154935
-1.380482,1.300730,1.824049,-0.285740
-1.722173,2.822947,-2.817446,2.927383
-1.020619,-1.010910,-1.040113,-0.722548
-1.766580,0.293841,1.057531,0.729753
-1.707821,0.259692,1.028379,0.676204
-1.558856,0.013407,1.223617,0.103295
-1.275688,-0.636725,-1.118831,-0.719567
-1.938731,0.036284,1.678645,2.735166
-2.682937,0.322292,1.164383,0.324232
0.900424,0.681890,1.297079,0.185137
-1.358793,0.033734,1.658410,-0.030212
-1.583613,0.050516,1.613669,-0.170034
-1.590789,1.909175,-1.277930,3.020535
-1.077573,2.512997,-1.295334,3.073014
1.082313,0.369201,-1.320827,2.988374
1.100150,0.585246,-1.644054,3.049062
-1.183174,-0.503308,-1.141392,-0.748713
-2.026258,0.533265,-1.502016,-2.917660
-1.754789,-0.226785,-1.418468,2.686560
-2.376564,2.399819,0.991280,-2.355705
-1.552515,-0.227368,-1.587149,2.663523
-2.412470,2.386774,0.985436,-2.420850
1.084387,0.307255,1.812107,-0.330275
-1.438425,-0.639400,-1.085782,-0.577730
-1.634618,-0.118709,2.300487,-3.043315
1.057150,0.797120,-2.659425,-2.710862
-1.577906,-0.381338,1.651755,3.094976
-1.246832,-0.619087,-1.122325,-0.816278
-1.179335,-0.856648,-1.110785,-0.541787
-1.743937,-0.011472,1.658161,-0.029130
-1.325597,2.114687,1.665862,-0.004741
-1.205014,1.929909,1.935765,-0.360769
-1.770476,0.034243,1.274219,0.435179
-1.786597,0.239721,-2.226020,0.281696
-2.340934,0.443064,2.848675,-2.264068
-2.983147,2.420611,0.959236,0.739127
-1.504775,0.102150,1.131981,0.249952
-2.457084,1.249842,-2.192711,-2.805219
-1.976623,-0.165581,1.327841,3.114828
1.177526,0.571883,1.287519,0.159941
1.026905,0.527588,1.120340,0.432229
-1.172176,2.184573,1.212663,0.407999
-1.460101,-3.013983,-0.991315,-0.430141
-1.659782,0.064282,1.361468,0.455272
0.999858,0.647941,1.182988,0.244833
-1.626924,0.349665,1.359429,-2.249054
-1.422924,-0.366810,-1.250678,2.591603
0.892287,0.769041,1.446336,0.013107
-1.364726,2.000387,-1.045266,-0.681764
0.790946,0.809993,1.461862,-0.058310
-1.276413,1.967396,-1.036903,-0.632634
0.845090,0.719753,1.530545,-0.120645
-1.382403,2.041855,-1.060928,-0.686026
0.924189,0.806147,1.413264,-0.105111
-1.306519,2.032603,-1.083704,-0.653071
-1.977734,-0.711665,1.413169,2.571228
0.987259,0.558706,1.481187,0.124442
-1.801245,3.093078,-1.627817,0.539885
-1.089568,-0.609964,1.446801,2.823292
-1.141962,-0.517687,1.401556,3.008372
-1.547738,2.970611,2.333824,-2.554692
-1.056365,-0.503171,-1.673408,0.162077
0.856824,0.578469,1.535578,0.200272
-1.703277,0.330460,1.492702,0.135190
1.063770,0.432860,1.491178,-0.128716
-1.571176,3.008009,2.308758,-2.520990
-1.040662,-0.595594,-1.558739,0.088765
1.000136,0.706803,1.299192,0.230133
-1.789843,0.366346,1.459345,0.122604
1.085709,0.477426,1.448807,-0.115518
-1.322864,-0.818499,1.225959,-0.037203
-1.104101,-0.663168,-1.161720,-0.729002
-1.351685,-0.784320,1.129858,0.018846
-1.146337,-0.706129,-1.171482,-0.765984
-1.289660,-0.811804,1.218081,0.013694
-1.129047,-0.533194,-1.071502,-0.871646
-1.340181,-0.808687,1.164360,0.013921
-1.133200,-0.684306,-1.152223,-0.729494
-1.763720,-0.173059,1.154797,3.094277
-2.764108,3.051590,-1.883060,0.680535
0.810169,0.849696,1.232214,0.057949
-1.622873,0.187875,1.626799,-0.135579
-1.747713,0.738529,-3.099538,3.120695
-1.584110,0.126787,1.733677,-0.234343
1.062556,0.401363,-1.361248,-3.092759
-1.615649,0.486162,-1.100884,2.654897
-2.111929,0.415164,-1.389465,-0.356661
-2.142401,0.430333,-1.347426,-0.383699
-2.206749,0.689725,1.095242,-2.960673
-1.720726,0.303914,1.175917,0.668998
-1.624864,0.322231,1.109614,0.713711
0.961059,0.858132,1.500485,-0.016443
-1.554700,1.282571,2.795680,-3.085256
-1.563842,0.063174,1.626850,0.066916
0.785017,1.093273,-2.286460,2.566916
-1.686620,0.230548,1.648105,-0.039511
0.983819,1.152578,-2.312073,2.579853
-1.470124,0.067314,1.437164,0.021570
-1.577633,2.940544,-2.249285,2.589383
-1.512455,0.040247,1.453921,0.076634
-1.640308,2.954630,-2.233558,2.607221
-1.516375,-0.005140,1.497552,0.178346
-1.596375,2.965227,-2.281861,2.603069
-1.596113,0.130479,1.375599,0.118321
-1.605957,2.919154,-2.218958,2.592594
-1.529291,-0.021369,1.497195,0.185915
-1.529512,0.107653,1.541243,-0.234453
-1.381112,0.057800,1.528819,-0.144698
-1.088666,-0.684724,-1.245250,-0.729021
-1.026300,-0.840286,-1.149650,-0.642233
-0.908672,-0.808214,-1.130857,-0.581248
-0.899621,-0.823586,-1.089595,-0.621208
-2.771267,3.101022,3.054219,2.864802
1.029188,0.698776,1.443116,0.066928
1.053940,0.609637,1.503076,0.079146
-1.794248,0.074188,1.687896,-0.109511
-1.659512,-0.015297,1.702678,-0.069406
-1.014729,-0.609018,-1.331344,-0.732267
1.794983,2.307941,-1.311434,-0.246219
-1.402830,1.674070,-1.029569,-0.425967
0.806243,0.823705,1.434593,-0.061475
-1.058471,-0.374285,-1.541271,0.117523
-2.363294,0.345197,2.863793,3.138603
-2.154835,0.315814,2.681065,-3.116379
1.126369,0.658415,1.614986,-0.284895
1.000292,0.776745,1.282303,-0.073273
-1.746853,0.359076,1.209352,0.338643
-2.362423,0.259899,-1.584052,-2.606048
1.010019,0.676239,1.495601,-0.046480
-1.987084,2.811264,-2.897871,2.923888
0.974906,0.662402,1.382075,0.013645
-1.885031,2.730083,-2.789685,2.887084
0.993126,0.630349,1.445943,-0.030805
-1.962070,2.762014,-2.798974,2.996116
0.981330,0.661434,1.304635,0.162958
-1.929385,2.732980,-2.800885,2.922608
0.869109,0.425472,1.122050,0.246906
0.955769,0.382650,1.062384,0.197527
-1.422956,0.186523,1.285461,0.273819
-1.555224,0.164802,2.007201,-0.117520
-1.767561,0.337809,1.386944,0.273658
-1.517638,1.802597,-3.012849,-2.387933
1.469772,0.004882,1.459593,1.766628
-1.642694,0.138008,1.670836,-0.068195
-1.930047,-0.985576,2.151662,-0.556603
-2.206964,0.297496,1.428264,0.316935
-2.023004,2.470467,2.749145,2.839700
-1.765753,1.931451,1.734022,1.668330
-2.145593,1.799013,1.047036,-1.902205
1.053596,0.836567,1.472399,-0.722373
-2.704004,2.866458,-2.915401,-3.089310
-1.150505,1.991267,1.773484,-0.032285
-1.841217,1.934471,1.682762,1.593498
-2.145390,1.636403,1.260445,-1.629334
1.038801,0.720935,1.382255,-0.263709
-2.514286,2.942235,-3.123411,3.072710
-1.125226,2.203508,1.686666,-0.183405
-1.840727,1.917099,1.737308,1.636994
-2.167669,1.615468,1.168205,-1.607315
0.906427,0.870367,1.525702,-0.419234
-2.707001,2.899097,-2.988389,-3.085768
-1.091763,2.059543,1.619824,0.044424
-1.791959,1.971167,1.678782,1.640054
-2.099543,1.692032,1.178470,-1.979741
1.003190,0.710996,1.356021,-0.005023
-2.585994,2.986515,-3.079747,-3.139955
-1.204661,2.049718,1.783640,0.031954
-1.898915,2.397997,1.830605,-2.712196
-1.942485,2.392404,1.831114,-2.746891
-1.943516,2.425373,1.801330,-2.772623
-1.969609,2.399255,1.771969,-2.721344
-2.190598,-0.037732,1.610861,3.127007
-2.250371,0.100594,2.959548,3.139883
-0.987302,2.131692,1.763024,-0.007626
-1.912125,0.104740,1.511279,0.340611
-1.525253,-0.082429,1.498144,0.139636
-1.304371,-3.091234,-1.221653,2.792773
-1.857352,0.354723,1.469289,3.115363
-2.118270,2.223042,-2.798519,-2.946595
-1.344351,-0.028771,1.455797,-0.074624
-1.567385,0.084493,1.277533,2.675885
-1.486521,3.096880,-1.404161,-0.026366
-2.060635,0.028046,-1.343475,-2.949633
-1.555404,0.238876,1.526721,-0.179990
-1.530669,3.071827,-1.407336,-0.009306
-2.106944,0.042473,-1.336431,-3.036429
-1.579988,0.232746,1.590735,-0.115730
-2.597767,0.369837,-1.977367,-2.854194
-2.726963,0.808942,2.843130,2.972625
-1.926633,0.158191,1.115549,0.405651
-2.073302,0.214520,1.116585,0.310108
-1.774290,0.063521,1.293774,0.110813
-2.010659,2.858485,-1.492661,0.393769
1.170981,0.361418,1.412107,0.231360
0.981095,0.832503,1.330404,0.034608
-1.215323,-0.529421,-1.131766,-0.639977
-1.084619,-0.878962,-0.994207,-0.770427
-1.183624,-0.506363,-1.144070,-0.668280
-1.105391,-0.816533,-1.059536,-0.726040
-2.370696,1.690341,1.171630,-2.292000
0.906437,0.795651,1.544531,-0.049279
-1.899739,0.163345,1.206437,0.218205
1.001939,0.685271,1.425927,-0.066368
1.284514,1.794303,1.805765,-0.433053
-1.617822,0.082215,1.836583,-0.197515
-0.902283,2.196622,1.715450,-0.153917
-1.896958,1.808136,2.478816,-0.406215
-1.131126,2.378572,1.686870,0.088045
-1.896052,0.083859,1.802467,-0.098054
-1.813703,-0.016410,1.176244,0.134118
0.956770,0.645785,1.505132,-0.079834
0.766028,0.925726,1.569928,-0.249309
-1.605464,0.204764,1.803723,0.032251
-2.161018,0.325874,1.254616,-0.586906
-2.112555,0.104709,-1.481675,-2.955216
1.041523,0.598047,1.324943,0.202159
-0.820131,2.138378,1.540046,-0.100770
-1.854562,-0.924971,-1.117245,-0.172226
-2.165225,-0.017119,1.573721,3.018384
-1.660732,-0.338962,-1.709494,-1.218347
-2.066157,-0.217367,1.747705,3.035366
-1.536823,-0.381917,-1.669142,-1.277177
-1.349503,0.102892,1.526666,-0.224697
-1.671699,-0.437092,-2.943977,2.910546
0.970087,0.766453,1.357835,0.044015
1.208507,0.324760,1.985405,2.352658
-1.677850,0.219070,1.119947,0.575301
-1.595254,0.264149,1.138372,0.612764
-1.082740,-0.308373,2.228889,-2.342967
-1.473669,0.994942,2.233587,1.972228
-2.163505,0.040716,1.280748,0.162639
-2.157752,0.216542,1.096050,0.475175
-1.206208,-0.653702,-1.093358,-0.762646
-2.027065,2.010563,-1.157521,-0.402246
0.962660,0.664176,1.280257,0.195377
-2.293363,0.671232,1.423940,-1.664935
-2.601064,1.667901,1.135509,-2.378626
0.906257,0.814736,1.370618,-0.139718
0.922524,0.729125,1.262685,0.194203
0.954099,0.760705,1.293498,0.066701
-2.096453,0.512610,-1.787882,3.086963
-1.326855,2.320375,-0.946001,-0.798334
-2.408916,2.512305,2.855431,-2.895581
-2.460501,2.619773,2.715614,-2.781474
-1.157931,-0.483114,-1.192178,-0.649101
-1.041340,-0.619631,-1.079667,-0.702338
0.883094,0.732639,1.367489,0.155614
-2.127328,0.109946,-1.222492,-0.614064
-2.927855,2.992342,-1.147777,-0.268042
-2.142246,0.073620,-1.238125,-0.624405
-2.951310,3.001467,-1.194500,-0.245083
-1.600390,-3.023815,-1.028851,-0.747507
-1.412378,-0.162783,-2.246029,-0.044594
-1.684608,0.200138,1.464969,0.169798
-2.286185,1.851978,-1.217801,2.188437
0.995989,0.830749,1.303712,-0.114564
-1.710143,0.186211,1.500223,0.127512
-2.290538,1.928638,-1.211896,2.210427
1.073233,0.683270,1.261411,0.164783
1.133941,0.250817,1.506357,0.082891
-2.821638,2.759508,-2.745923,-2.637203
0.955094,0.639489,1.348783,0.016846
0.875125,1.468175,1.844765,-0.759041
-1.077404,2.138746,1.568235,0.046983
-1.490057,0.022193,1.499152,0.153778
-1.560098,0.218664,3.071177,-2.757727
-1.612097,-0.059176,-2.967347,-2.727978
-1.291946,-0.003546,3.084619,-2.685864
1.161679,0.251030,0.938796,-2.525255
0.825268,0.853526,1.308179,0.142265
-1.521657,0.058941,1.609722,-0.051958
-1.614768,0.036911,1.737510,-0.151408
-1.368618,-0.002474,1.389888,0.237619
-1.797959,0.123333,1.930571,0.001724
-1.367303,-0.132146,1.288436,0.227415
-2.413079,0.852656,1.490079,-3.111799
-0.994260,-0.687738,-1.061468,-0.694909
-1.126270,-0.749033,-1.173569,-0.621661
-1.454737,0.956746,0.848104,0.543437
-1.516047,0.924125,2.991593,2.968339
-2.606687,2.607124,1.120229,-2.757951
-2.777966,2.969603,-1.068406,-0.650674
-2.845960,2.943756,-0.981337,-0.679408
-2.309044,0.404720,1.266385,0.107418
-1.372001,-0.008995,1.543689,0.088158
0.876014,0.777568,1.322211,0.293305
-1.732590,0.110890,1.152498,0.436335
-2.752956,0.982275,1.274139,-2.903200
-2.491946,2.559998,-2.900339,2.755416
-1.065260,-0.485337,-1.324435,-0.399647
-2.077010,-0.071475,-0.926417,-0.520675
-2.010091,-0.056333,-0.887357,-0.589927
-1.482145,1.626998,-2.892112,2.855615
-1.024841,-0.624321,-1.168602,-0.827808
-1.212713,2.012840,1.649879,-0.127171
-1.187352,1.963690,1.602827,-0.096236
-1.764496,0.129347,1.384794,0.235759
-2.469499,1.691569,1.097136,-2.261508
0.839295,-2.302415,0.921943,-2.342959
-1.469497,-0.060199,1.488578,0.017495
-1.567662,0.038765,1.471617,-0.042947
-1.536908,0.010038,1.420065,0.014480
-1.498057,-0.038250,1.522665,-0.069777
-1.469576,0.031070,2.341072,-0.231550
-2.034610,2.997449,-1.188898,2.976597
-2.020607,3.059141,-1.182195,2.950709
-1.057914,-0.667544,-1.170574,-0.728708
0.993183,0.498063,-1.736985,-2.521694
0.770882,0.798136,1.463357,-0.079541
-2.355149,1.590290,1.110467,-2.260284
-1.484475,0.107379,1.508309,0.020799
-1.121578,-0.505541,-0.839084,2.450783
-1.692424,2.052429,-0.904280,-0.762055
-1.144145,-0.423462,-0.931846,2.425963
-1.688875,2.027350,-0.884785,-0.776837
-1.430845,-0.059154,1.503218,0.251701
0.851922,0.818391,1.373940,0.050585
-1.135056,-0.321198,-1.395003,0.565161
-1.120631,-0.352316,-1.309792,0.433840
-1.141205,-0.352625,-1.337176,0.497860
-1.113798,-0.352303,-1.336785,0.547705
-1.969663,2.512944,2.606054,-3.033090
-2.693588,2.153228,1.731316,0.350259
-2.711871,2.186982,1.727772,0.338595
-2.175274,0.112086,1.473284,0.453191
-1.191317,-0.559413,-1.134936,-0.697944
-1.693801,2.479112,1.774590,3.092587
-2.191792,2.941161,2.406594,2.882903
-1.952136,0.345952,1.354217,0.475698
-1.084171,2.375161,1.570129,0.045030
0.937737,0.814243,1.529691,-0.017692
-1.198791,2.067462,1.753518,-0.178285
-1.627831,0.426499,2.088251,-0.315449
0.835171,0.647999,1.565148,-0.005145
-1.638942,-0.397527,2.661240,-2.763480
0.804779,0.644158,1.057996,0.584689
0.785204,1.848662,1.818474,-1.027977
0.909467,0.789291,1.658939,-0.385063
-1.722232,0.243435,1.338458,0.135171
0.406780,1.807790,1.558209,-0.337206
0.784571,0.827346,1.290828,0.013244
-1.717076,1.993484,-1.028463,2.596064
-1.785199,0.178466,1.102004,0.613665
-1.479295,0.020842,1.697605,-0.228403
1.297847,-0.073027,-1.452627,2.977033
-1.955978,2.264324,1.402694,0.473106
-1.825677,0.032826,1.704737,0.076561
-1.906875,0.333512,-1.074496,-0.533613
-1.877251,0.265473,1.138170,-2.848499
-1.220459,-0.891484,1.551377,-2.821168
-1.228929,-0.895763,1.562199,-2.827267
-2.474010,2.602942,1.761095,2.940169
-1.132092,-0.499110,-1.664418,-0.236430
-2.485060,2.681549,1.760678,2.836916
-1.075675,-0.606820,-1.604679,-0.198836
-2.492007,1.930404,-1.344996,-0.059370
-2.087308,1.728211,1.664099,1.791128
-1.751679,2.085326,1.496835,-1.837711
-1.452800,0.019568,1.625277,-0.138446
-2.431555,-1.729321,-1.340456,-0.521908
0.777972,1.052292,2.638732,-2.599708
-1.291622,2.343573,-1.775542,0.095834
-1.817333,0.433070,1.360380,0.475477
1.021416,0.700406,1.423213,-0.021642
0.795083,0.684174,1.303704,0.166656
-1.434339,-0.028584,1.381234,0.464109
-1.492826,0.000603,1.569196,0.062384
-1.599626,-0.008116,1.536467,0.310832
-1.508831,0.090622,1.415286,0.239570
-1.576683,0.210879,1.156559,0.533296
-1.605199,-0.041967,1.458989,0.174937
-1.684125,0.149897,1.284478,0.493400
-1.570194,0.021635,1.314243,0.341956
0.935759,0.470114,1.233845,0.357943
0.889570,0.742471,1.277643,0.173447
0.755868,0.799670,1.553148,-0.237605
-1.571541,0.160679,-2.848142,2.672707
-1.639695,-0.046887,1.541352,0.104740
-0.832326,2.275503,1.498074,-0.240637
-2.277649,2.081248,-0.949750,2.448863
0.994870,0.878916,-2.911700,2.896455
1.041067,0.770905,-2.742378,3.022401
-1.868483,0.093475,1.197133,0.407591
-1.745307,-0.039207,1.582858,0.325609
-1.278568,2.408993,-1.582270,2.517879
-1.391558,2.832668,-1.115339,2.597956
0.847042,0.909685,1.936191,-0.668828
-1.808183,0.140280,-1.521809,-2.824111
-1.070333,2.134443,1.802210,-0.407900
-2.182233,0.192722,1.236905,0.199622
-1.659731,-0.002087,1.618884,0.081216
-1.527740,0.059203,1.136177,0.552851
-1.964037,0.597046,2.228457,-0.388368
0.887610,0.742356,1.352242,0.102127
0.840373,0.754724,1.542292,-0.098975
-2.286883,0.894910,1.434583,0.131670
-2.464851,0.864291,-1.108200,-0.581372
-1.574877,1.680731,-1.433027,-3.007554
-1.946940,1.033251,2.535263,-2.631489
-1.342922,1.919177,-2.730981,2.571007
-0.979041,-0.621422,1.421475,2.993126
-0.956155,-0.621843,1.423047,2.996228
-2.169047,0.175498,1.401369,0.227335
1.180592,0.350545,-1.384323,-2.909555
-2.066861,0.406163,1.112938,0.475856
-1.635574,0.551472,1.767265,2.811678
-1.940523,0.236781,1.090397,0.667673
-1.809451,0.247637,1.101721,0.568788
1.252290,0.342526,1.794066,2.723351
-1.519827,0.021280,1.227690,0.664144
-1.570249,0.109068,1.210336,0.550802
1.302591,0.324095,1.896535,2.671088
-1.660202,0.112607,1.133954,0.724129
-1.349618,-0.064347,1.295262,0.230099
-1.619692,0.608236,1.691762,2.841013
-1.533867,0.074363,1.121731,0.826292
-1.553017,0.071503,2.152222,3.094834
-1.382788,1.905376,-1.477576,-0.022892
1.263532,0.112669,-1.498349,-3.098077
1.275288,-0.004482,-1.503197,3.140701
-1.271265,-0.354637,1.175928,-3.000227
0.896969,0.714137,1.395729,0.034004
-1.880252,2.481352,-1.887082,3.097027
-1.733798,0.209652,1.407587,0.074578
-2.759409,0.489610,-0.983918,-0.597075
-1.761398,2.636292,-2.712992,3.126446
-1.519307,0.089800,1.492432,0.142310
-1.693300,2.444964,-2.420954,-2.969775
-1.484892,0.255545,1.329917,0.190953
-2.176017,2.387191,0.695115,-2.200262
-2.444285,0.289507,-1.293545,-3.092233
-1.705830,0.159354,1.583327,-0.117226
-1.309573,2.887912,-1.519039,2.904099
-2.581300,0.172331,1.790244,-0.226938
-1.269217,2.288304,-2.067454,-1.825738
-1.532013,-0.001786,1.753046,-0.218109
0.903060,0.620450,1.584533,-0.100599
-1.957948,0.262099,-1.434317,2.915528
0.927270,0.908509,1.112235,-0.101885
-1.127512,-0.672814,-1.353351,-0.710718
-1.092321,2.718502,1.864584,0.075358
-0.963842,2.341673,1.610898,-0.101800
0.999735,0.235980,1.019595,0.587035
-1.538032,0.134737,1.409428,0.240666
-0.944996,-0.718681,1.441498,0.468100
0.880838,0.714456,1.270121,0.088126
-0.964718,-0.820037,-1.032079,-0.708209
-1.059062,-0.743408,-1.024860,-0.784773
-1.013054,-0.807643,-0.972804,-0.785011
-1.005233,-0.790649,-1.026068,-0.793033
-1.986234,1.221803,-1.619198,2.972072
-1.817692,0.171921,1.320051,0.383795
-1.162310,2.190346,1.530771,0.210501
-1.699904,0.148549,1.622471,-0.236957
1.268467,0.178322,1.337342,0.113564
-2.608222,-3.096269,-1.514859,0.419802
-2.383948,-0.171677,1.290674,0.264746
-2.920684,2.244266,3.073558,-2.989782
-1.926007,-0.066574,1.071202,-2.310348
-1.918159,0.251402,1.295519,0.251313
-1.744896,2.632380,-2.160846,0.655163
-1.938904,0.432525,0.882951,1.046627
-1.727821,2.631142,-2.188433,0.662651
-1.690281,0.072609,-2.052118,-2.841600
-1.903988,2.231232,2.130000,-2.694510
-1.852157,0.114250,1.674153,-0.319118
0.995319,-2.505788,2.211669,-0.324395
-1.562628,0.136109,2.057881,-0.491912
-1.190160,-0.348953,-1.276584,-0.802362
-1.159963,2.080974,1.822521,-0.070204
0.912340,0.698369,1.583238,-0.333784
-3.029426,2.959842,2.800711,-3.075827
-1.145558,-0.818604,-1.059634,-0.715934
-1.326683,-0.510745,-1.252816,-0.757932
0.939489,0.652236,1.918587,-0.428611
0.892795,0.681041,1.877918,-0.359548
0.890870,0.626124,1.873562,-0.256138
0.969659,0.639948,1.416410,0.179892
0.849694,0.830958,1.554442,-0.215099
0.988006,0.748191,2.175173,0.073241
0.992352,0.729800,2.183305,0.151260
1.056298,0.796227,1.852912,0.311823
0.952084,0.729614,1.999696,0.225424
-1.196771,-0.032011,1.646783,-0.213930
-1.181115,-0.044706,1.663398,-0.205050
-1.335370,0.115257,1.495646,-0.124938
-1.311635,0.007934,1.674377,-0.292369
-1.380144,0.057984,1.660548,-0.296927
-2.414349,1.048825,1.681458,2.995441
-2.075204,-2.719558,-1.316658,-2.657479
-1.273607,0.192462,1.604361,2.945028
-2.648184,1.613153,1.059580,-2.413498
-1.328131,0.020189,1.557768,-0.006450
-2.541964,1.409954,1.183810,-2.341890
-1.382479,0.002344,1.583560,-0.027279
0.856191,0.843333,1.653254,-0.069760
-1.432681,2.714584,-1.879916,2.437564
1.047498,0.452289,-0.786671,-0.930086
0.955826,0.457336,-0.713523,-0.959578
-1.299654,-0.613240,-1.032485,-0.862035
-1.075061,-0.670843,-1.062236,-0.913071
-1.270856,-0.628781,-1.088770,-0.818109
-1.020535,-0.678734,-1.050807,-0.918052
-1.138639,2.333907,1.530304,-0.242288
-1.037988,-0.742204,1.403573,-0.047038
0.867106,0.874991,1.507021,-0.258916
-1.732765,-0.027534,1.838713,2.785341
-1.760372,2.559811,-1.657078,-2.757444
-1.649280,0.233401,2.051771,0.017034
-1.429738,1.051008,1.002115,0.477163
-1.235949,-0.063154,1.683731,0.211132
-1.545890,0.173774,1.839320,0.199407
-1.544719,1.155306,0.882808,0.475941
-1.467965,0.136949,1.620914,0.068227
-2.955839,-2.902890,-2.321056,2.701805
-1.706234,1.297631,1.323035,-2.759048
-1.124504,2.088317,1.572406,0.019505
-1.509578,-0.012952,1.319092,0.439132
-1.548471,0.006768,1.498133,0.206448
-1.446508,0.107424,0.930200,0.547724
-1.097075,-0.708995,-1.127277,-0.396063
-2.465077,1.893661,-1.640532,1.868841
1.004577,0.737012,1.202721,0.231778
1.013211,0.582586,1.435496,-0.062263
0.905558,0.708888,1.403106,0.122606
-2.762910,2.889119,1.808018,2.558419
1.099119,0.342587,1.514363,3.110416
1.297499,0.245171,-1.532235,-3.053095
-1.846986,0.237187,1.328822,0.259538
1.282683,0.177426,1.450044,0.113983
-1.488625,0.029754,1.751691,-0.262537
2.396868,-0.689141,1.429546,-1.178181
-2.051226,0.248623,1.096884,0.520795
-2.050220,0.176145,1.204063,0.479571
-2.116683,0.259764,1.107292,0.468709
-2.085077,0.223674,1.143681,0.455535
-2.825921,3.070201,1.529867,-2.909756
-2.995621,3.051260,1.479658,-2.774365
