-2.211337,2.466633,-0.856735,2.364746
-1.104064,-0.819845,-1.054922,-0.788069
-1.981431,2.429654,-1.268762,2.243639
-0.922467,-0.970426,-0.890337,-0.847804
-1.085785,-0.723094,-1.162920,-0.847987
-1.093830,-0.911309,-1.169413,-0.783825
-1.925460,0.062873,-1.055952,-0.742304
-1.684911,-0.613524,-1.821547,1.915575
-1.825023,-0.572721,-1.910559,1.945556
-1.112520,-0.821045,-1.044915,-0.857100
-1.047736,-0.711939,-1.139422,-0.796440
-1.318686,2.415893,-2.154220,-0.228245
-1.335715,2.325608,-2.134650,-0.105968
-1.273061,2.377816,-2.110676,-0.236891
-1.456751,2.508124,-1.347411,-0.800061
-1.075026,-0.641923,-1.512803,-0.710675
-2.085436,0.704058,-1.573367,2.273000
-1.401342,2.486699,-1.369800,-0.840528
-1.208237,-0.604092,-1.361919,-0.808448
-1.852303,1.548263,-2.294761,2.613553
-1.310526,2.445530,-1.389416,-0.817121
-1.185827,-0.607677,-1.589780,-0.815970
-2.222901,0.499451,-1.682056,2.147979
-1.413161,2.483639,-1.368871,-0.793193
-1.179332,-0.676614,-1.293913,-0.818754
-2.212626,0.676329,-1.525237,2.462922
-1.168887,-0.494016,-1.408692,-0.583045
-1.122929,-0.586655,-1.388854,-0.592431
-1.404062,2.462044,-2.212672,2.888794
0.998576,1.045815,-1.799828,1.991322
-0.930589,-0.891212,-2.258961,2.378372
-1.820128,2.673078,-1.991433,2.014970
-1.099129,-0.730387,-1.238429,-0.701108
-1.162002,-0.760307,-1.207741,-0.717609
-1.078207,-0.718450,-1.226794,-0.769362
-1.142283,-0.846745,-1.159661,-0.726167
-1.004696,-0.589697,-1.090798,-0.332436
-1.239985,-0.620919,-1.162539,-0.740527
-1.495738,-0.565181,-2.321526,2.433126
-1.410721,2.197881,-1.563949,2.072453
-1.411268,-0.731819,-2.312248,2.746757
-1.384020,2.333892,-1.686344,2.104362
-1.062258,-0.707429,-1.175245,-0.807027
-1.543587,-0.750740,-1.558312,0.602596
-1.138722,-0.672052,-1.196249,-0.826096
-1.562674,-0.695482,-1.581684,-0.539321
-1.471707,-0.009068,-1.598233,1.650730
-2.405355,2.347509,-1.869787,2.388234
-2.536147,2.146735,-2.362956,2.517296
-1.169129,-0.689499,-1.149339,-0.758709
-1.256347,-0.492184,-1.865267,-0.334176
-1.170455,-0.777590,-1.127970,-0.898706
-1.018320,-0.873596,-1.108088,-0.836715
-1.119393,-0.658451,-1.224752,-0.729203
-1.182293,-0.706395,-1.136604,-0.587505
-1.526406,2.835623,-2.342624,2.102011
-1.836706,2.398086,-2.280273,1.854194
-2.323196,2.729717,-1.914025,-2.829639
-1.202492,-0.679723,-1.158028,-0.751385
-0.989789,-0.567692,-1.447859,-0.316636
-2.358335,2.776183,-1.455704,1.977434
-1.172889,-0.681926,-1.125394,-0.808403
-0.994387,-0.750659,-1.222494,-0.801041
-1.161288,-0.416813,-1.102041,-0.600371
-1.930898,2.430785,-1.736545,1.973927
-1.148410,-0.418626,-1.103265,-0.600049
-1.951771,2.406536,-1.731102,1.961527
-1.681562,1.984179,-1.663918,1.942701
-1.134960,-0.703899,-1.104473,-0.700134
-1.126396,-0.673901,-1.139883,-0.688901
-1.177638,-0.611197,-1.188051,-0.742932
-1.278890,-0.802932,-1.056710,-0.646973
-1.255482,-0.666929,-1.137292,-0.758846
-1.132667,-0.933908,-1.005232,-0.866991
-1.179646,-0.621069,-1.136378,-0.958713
-1.246205,-0.861292,-1.091941,-0.802876
-1.447203,-0.218106,-1.117633,2.153629
-2.870171,2.650925,-1.939589,1.974081
-2.846287,2.740617,-1.961679,1.922403
-1.060040,-0.647969,-1.100197,-0.708764
-2.113798,2.404486,-1.724657,2.232787
-0.991445,-0.866674,-1.055376,-0.760483
-1.131097,-0.828950,-1.077811,-0.748918
-1.246922,-0.832482,-1.153394,-0.459839
-1.543638,-0.031566,-1.366710,2.102206
-1.592445,-0.131005,-1.122974,-0.911078
-1.220818,-0.466937,-1.956054,-0.041853
-1.680932,2.086043,-1.981831,2.135944
-1.388068,-0.291452,-2.125536,0.371658
-2.376039,2.237003,-1.471028,2.049436
-1.512542,2.632740,-0.951277,2.347729
-1.013634,-0.865962,-1.117033,-0.874073
-1.318833,2.393927,-1.994879,2.438675
-1.673393,-0.019242,-2.037236,2.518478
-1.533194,-0.193094,-1.337110,2.282394
-1.557260,-0.127749,-1.334675,2.320026
-1.224937,-0.760088,-1.048370,-0.793846
-1.209136,-0.719710,-0.969238,-0.803414
1.100077,0.625410,-1.809431,2.015273
-1.233662,-0.587266,-1.208989,-0.718232
-1.031838,-0.772432,-1.049512,-0.674854
1.028332,0.803940,-1.878959,2.065694
-1.664753,0.522166,-1.248823,3.005249
-1.140919,2.194959,-2.028376,2.525873
-1.040058,-0.741799,-1.179424,-0.619065
-1.774064,0.190445,-1.517310,2.039040
-1.840544,0.498530,-1.777142,2.213245
-1.142872,-0.598705,-1.621304,-0.095483
-1.128565,-0.625964,-1.175744,2.709002
-1.272792,-0.746404,-1.109914,-0.582053
-1.984949,3.009374,-1.565685,2.279226
-2.009557,2.999424,-1.639722,2.379799
-2.568025,2.063229,-1.678695,2.026751
-2.481481,2.773070,-2.240481,1.871198
-2.735912,2.490545,-2.253154,2.549575
-1.113463,-0.662940,-1.171579,-0.757278
-1.217153,2.260838,-2.130335,-0.009189
-1.939101,2.147703,-2.009902,1.994022
-1.019872,-0.650318,-1.226286,-0.753726
-2.042246,0.220876,-2.492205,2.235594
-1.523633,-0.141832,-1.501206,1.748900
-1.006959,-0.876998,-1.157933,-0.753294
-1.610960,1.958195,-1.678404,2.433036
0.568699,0.785911,-2.144936,2.860486
-1.429548,-0.396295,-1.273119,-0.366488
-1.565422,-0.113513,-1.632537,2.297127
-1.098246,-0.759125,-1.209527,-0.687259
-1.511086,1.985039,-1.723962,2.203060
0.798834,0.593507,-1.469444,2.530161
-1.393406,-0.421267,-1.275793,-0.313855
-1.380609,-0.174590,-1.538055,2.194800
-1.027879,-0.773619,-1.219034,-0.714391
-1.420951,2.019574,-1.814011,2.375774
0.701934,0.693650,-1.448141,2.527198
-1.425159,-0.377617,-1.245239,-0.318936
-1.442441,-0.082170,-1.579293,2.214023
-1.081325,-0.852286,-1.170831,-0.751612
-1.426077,2.059963,-1.777028,2.388082
0.753632,0.678375,-1.528472,2.529675
-1.369766,-0.423086,-1.275468,-0.299498
-1.409845,-0.208827,-1.529069,2.260032
-2.252916,2.131188,-1.909306,2.331210
-1.171949,-0.618996,-1.193914,-0.428039
-1.209407,-0.786794,-1.133321,-0.779607
1.082706,1.070623,-2.019951,2.223907
-1.186984,-0.649384,-1.029741,-0.474596
-2.275272,2.210544,-2.183244,2.328272
-1.211071,-0.424109,-1.519811,-0.757555
-1.098268,-0.802421,-1.299314,-0.491856
-1.723324,2.220745,-2.229963,2.681197
-1.104316,-0.725159,-1.206235,-0.660751
-2.122096,2.447864,-2.428991,2.751871
-0.949127,-0.877607,-1.011498,-0.755165
-1.770328,-0.408706,-2.387468,2.378500
-1.173801,-0.760779,-1.016194,-0.802508
-1.349284,2.517789,-2.033541,1.999450
-1.931721,2.670250,-1.463680,2.332134
-1.377058,2.455990,-1.966493,1.919207
-1.867393,2.740221,-1.524069,2.259118
-1.146060,-0.743379,-1.142389,-0.739575
-1.162475,-0.947201,-0.960031,-0.818690
-1.105452,-1.038012,-0.846912,-0.664139
-1.134732,-0.871669,-1.060531,-0.794691
-2.527017,2.347334,-1.389285,2.147883
-1.120752,-0.733697,-0.978715,-0.825731
1.091128,0.480321,-1.801811,2.181855
1.129223,0.460519,-1.838876,2.249612
1.082453,0.458739,-1.842407,2.139825
1.119207,0.524756,-1.885404,2.104523
-1.251324,-0.372224,-1.572275,1.858349
-1.181733,-0.747614,-1.086927,-0.757357
-2.467649,2.391735,-1.894863,2.108874
-1.085143,-0.821321,-1.076265,-0.848496
-1.211494,2.120812,-1.923633,0.304484
-1.474811,2.271618,-2.192673,2.331543
1.134496,0.606316,-2.051988,2.262755
0.889122,0.576708,-1.782303,2.161680
-1.175144,-0.757137,-1.073068,-0.672852
-1.059671,-0.829840,-0.972878,-0.780884
-1.211628,-0.743265,-1.017688,-0.719050
-1.047956,-0.857781,-0.966692,-0.777233
-1.167563,-0.770037,-1.085273,-0.647372
-1.040678,-0.836489,-0.997431,-0.825215
-2.122630,2.223937,-2.539954,2.162138
-2.268124,2.267685,-2.476346,2.446090
-1.880972,2.177701,-1.936384,1.852571
-1.716521,2.259005,-1.988748,2.278321
-2.135336,3.076386,-0.925060,-0.824177
-0.994324,-0.513712,-1.944541,0.400600
-1.236016,-0.326071,-1.787041,-0.974511
-2.079800,2.624609,-0.996327,-0.832603
-1.137253,-0.415322,-1.921243,0.401904
-1.162904,-0.495222,-1.706288,-1.044433
-1.044357,-0.248753,-1.101498,-0.326410
-2.435604,2.366163,0.636293,0.871024
-2.455835,2.415121,0.644239,0.834203
-2.441831,2.432393,0.607402,0.908181
-2.191761,2.530707,-2.298163,2.296152
-2.450081,2.605062,-2.295989,1.860750
-2.071655,2.177286,-2.262520,2.524270
-2.068206,2.502172,-2.178151,2.253920
-2.460479,2.656698,-2.279408,1.876818
-2.049341,2.207138,-2.270629,2.532506
-1.784216,2.115414,-2.006609,2.286623
-1.142644,-0.732589,-1.072758,-0.825191
-1.664352,2.083871,-1.975974,2.281982
-1.115661,-0.751035,-1.088214,-0.792741
-1.726680,2.094233,-1.979648,2.274341
-1.151236,-0.769415,-1.077977,-0.767811
-1.728764,2.133105,-1.993323,2.272105
-1.132298,-0.767680,-1.078129,-0.764799
-0.981758,-0.703502,-1.305839,-0.758738
-1.173968,2.239948,-1.469961,2.300965
-1.801907,0.153334,-1.916031,2.200542
-1.312567,2.470409,-2.038245,2.768798
-1.268294,2.543728,-2.090681,2.712503
-1.285585,2.552970,-2.095429,2.707118
-1.328354,2.471646,-2.022414,2.754491
1.335072,0.436337,-1.075255,-0.282205
-2.001542,0.115122,-2.025212,2.344281
-1.470586,2.417696,-2.223154,1.429566
-1.609101,2.292461,-2.026889,1.479292
-1.062427,-0.312076,-1.129561,-0.761190
-1.204355,-0.607261,-1.197028,-0.719587
-1.084711,-0.779079,-1.085287,-0.787146
-1.287944,2.304943,-2.290128,2.171807
-2.174115,2.348994,-1.675699,2.165249
-0.972154,2.375206,-1.121914,-0.646428
-1.663777,-0.832560,-1.540620,-0.238058
-1.291594,2.089029,-1.756946,-0.008773
-1.724754,1.917111,-1.841882,2.066487
-2.826090,2.467703,-1.857583,2.307693
-1.789741,1.892949,-1.871192,1.974378
-2.743973,2.492500,-1.874082,2.170102
-1.731638,1.912202,-1.819265,1.939734
-2.747165,2.569685,-1.969743,2.337226
-1.848637,1.884995,-1.836804,2.038711
-2.740016,2.545786,-1.937068,2.309989
-1.870914,2.593667,-1.552361,2.106077
-1.618950,-0.162528,-1.251991,2.105734
-1.859894,2.004158,-1.760554,2.232177
1.250147,0.280928,-2.120303,2.378667
-1.664029,2.207801,-2.148072,2.226192
-2.182288,2.517577,-1.737654,1.850905
-1.554417,-0.149721,-1.642672,2.052953
-2.235426,3.044422,-2.155578,1.476099
-1.503945,-0.176165,-1.684912,2.048841
-2.232747,3.090066,-2.162904,1.417973
0.943612,0.997007,-1.169127,2.271694
-1.350039,2.200129,-2.560896,2.386242
0.904983,0.747055,-1.486236,2.205064
-1.629249,2.180647,-1.641726,2.378762
-1.511390,-0.927872,-1.486280,-0.574404
-2.024636,2.971737,-1.265532,1.823836
-1.508087,2.111963,-1.551627,-0.334031
-1.545241,2.255261,-1.772820,2.322958
-1.077615,-0.607056,-1.197590,-0.808969
-1.967688,2.109206,-2.239338,2.288389
-1.347252,-0.520959,-1.886980,2.026415
-2.056397,0.278583,-2.122254,2.741353
-2.284537,1.933305,-2.026743,2.212363
-2.429295,2.614866,-1.927297,2.072411
-1.192532,-0.676694,-1.060115,-0.779313
-1.339681,2.105131,-1.534547,2.133094
-1.271777,-0.835681,-0.959959,-0.757855
-1.307048,2.269163,-1.695650,2.037426
-1.109783,-0.766752,-1.081678,-0.687170
-1.109974,-0.799372,-1.075907,-0.707771
-1.363972,-0.374722,-2.423109,2.847082
-1.061770,2.247116,-2.311493,2.704671
-1.946848,0.200968,-1.519549,2.208553
-2.161899,0.113505,-0.687745,-0.524581
-0.948580,-0.813007,-1.102710,-0.768998
-0.985423,2.363492,-2.493790,2.653643
-1.911467,2.481606,-2.414542,1.852754
-1.245760,-0.647126,-1.105342,-0.793301
1.165878,0.279036,-2.169538,2.337534
1.070967,0.386574,-2.051055,2.268309
1.152872,0.267712,-1.975910,2.310893
-2.278239,2.122163,-1.938147,2.413024
-1.095229,-0.783429,-1.329538,-0.478587
-2.209534,2.115556,-1.915916,2.449238
-1.112318,-0.808111,-1.265668,-0.553840
-1.464779,-0.112532,-1.825111,2.505237
-1.244898,-0.517302,-1.326275,-0.854220
-1.324272,-0.263881,-1.638082,-0.710171
-2.591141,2.442796,-1.501629,2.824377
-1.014207,-0.857049,-1.186178,-0.613903
-2.850085,2.350218,-1.930506,1.840809
-1.141935,-0.781001,-1.122875,-0.735117
-1.249160,-0.659686,-1.209339,-0.745573
-1.055087,-0.817249,-1.217044,-0.625158
-2.728323,2.407063,-1.933425,1.812261
-1.098082,-0.748577,-1.185487,-0.725219
-1.178129,-0.815565,-1.103658,-0.681166
-1.070302,-0.646208,-1.311296,-0.651308
-1.081445,-0.822623,-1.139957,-0.648313
-1.463160,-0.375747,-2.784273,2.395388
0.889857,0.880220,-1.422278,2.345896
1.026681,0.716336,-1.529604,1.811564
0.989270,0.665512,-1.321296,2.271351
0.963956,0.659625,-1.370754,2.363651
-2.226265,2.643158,-2.404473,2.402890
-1.103230,-0.643648,-1.078956,-0.699833
-1.049272,-0.682918,-1.050786,-0.756143
-1.040623,-0.727516,-1.013838,-0.795321
-1.670603,1.593555,-2.097595,2.273185
-2.517997,2.381489,-2.171830,2.339525
-1.516684,2.478970,-1.882496,2.131031
-1.312810,-0.406597,-2.029600,-0.070895
-1.189259,2.579659,-1.524832,2.364846
-1.228000,2.287977,-2.214767,1.709867
-1.264157,-0.308873,-1.383417,2.139631
-2.276779,2.769404,-1.872098,2.227056
-2.436786,2.678752,-1.865485,2.031454
-2.307977,2.756489,-1.866476,2.283121
-2.504175,2.720154,-1.953981,1.993124
-1.174877,-0.746218,-1.037717,-0.834392
-1.839663,0.022493,-2.245983,2.651144
-1.177856,-0.752997,-1.070914,-0.831642
-1.982464,0.117746,-2.264677,2.853722
-1.120431,-0.743608,-1.158473,-0.624792
-1.924363,2.042742,-1.683365,2.180647
-1.063911,-0.578114,-1.609380,-0.550818
-2.709157,2.551851,-1.915575,2.202020
-1.462017,2.159925,-1.932708,2.319541
-1.273416,-0.621937,-1.187924,-0.754905
-1.189377,2.097964,-1.431300,2.200778
-1.472311,2.082955,-2.067946,3.006980
-1.371657,2.106408,-2.047694,2.920830
-1.162945,-0.642196,-1.092610,-0.862229
-1.235966,-0.722598,-1.054804,-0.849581
-2.595663,1.553543,-1.386453,2.275735
-1.270132,-0.602224,-1.105608,-0.776007
-1.300553,-0.621998,-1.143097,-0.768096
-2.731879,1.548983,-1.292178,2.329121
-1.072958,-0.785555,-1.051624,-0.880079
-1.050604,-0.797818,-1.096081,-0.826430
-1.110095,-0.755439,-1.050476,-0.848793
-1.032450,-0.822240,-1.056355,-0.883420
-1.637803,-0.016519,-1.932089,1.906777
-2.259995,2.097012,-2.008329,2.130847
1.127616,0.566518,-1.831138,2.422757
-1.007989,-0.491283,-1.094764,-0.492310
-2.039900,2.323817,-1.889235,2.124895
-2.000587,2.109780,-1.716895,1.982168
-1.110832,-0.814051,-1.082421,-0.796110
-1.869470,2.305906,-2.038571,0.068367
-2.594672,2.234246,-1.949515,2.283038
-2.051494,2.387233,-1.913506,2.127976
-2.057323,2.495142,-1.310659,1.987755
-1.071635,-0.838862,-1.056795,-0.800446
-1.790258,2.328972,-2.060516,0.057820
-2.559570,2.219000,-1.954370,2.254609
-2.040216,2.400601,-1.940358,2.123544
-2.085442,2.512351,-1.314838,1.950528
-2.621570,2.458079,-2.065175,2.095165
-1.477519,0.091798,-0.930939,2.275292
-1.592509,-0.241792,-2.081638,2.081934
-1.512579,-0.194944,-2.120982,2.234938
-1.579953,-0.179885,-2.096793,2.262571
-1.764346,-0.156462,-2.136214,2.108653
-1.580833,2.042616,-2.123423,1.803010
-1.053391,-0.840905,-1.124174,-0.778977
-0.979310,-0.848798,-1.181379,-0.784948
-1.038937,-0.880840,-1.089772,-0.804413
-0.993759,-0.897709,-1.114912,-0.781538
-0.997422,-0.799628,-1.166999,-0.820532
-0.995166,-0.905388,-1.095032,-0.787306
-1.003573,-0.871018,-1.060207,-0.790714
-1.014889,-0.875386,-1.090111,-0.800662
-1.150274,-0.736315,-1.123109,-0.754454
-1.689167,-0.169385,-2.765925,2.602571
-1.689167,-0.169385,-2.765925,2.602571
-1.689167,-0.169385,-2.765925,2.602571
-1.313143,2.605903,-1.684982,2.253003
-1.237058,-0.806767,-1.136005,-0.722817
-2.128165,2.471170,-2.130100,2.389416
-2.874078,2.244537,-2.174881,1.994490
-2.398423,2.288282,-1.958503,1.699462
-2.226917,-0.218521,-1.572853,2.464205
-1.069786,-0.735490,-1.106591,-0.839869
-1.798943,2.216219,-2.340740,1.558940
-2.019177,2.261573,-1.934417,2.256826
-2.346877,2.277750,-1.928447,2.448858
-1.826718,-0.165307,-1.918736,2.094229
-0.981075,2.709856,-1.467033,2.206924
-2.763489,2.634461,-1.732415,2.096834
-1.235487,-0.680010,-1.067258,-0.897291
-1.271712,-0.950674,-1.163741,-0.760418
-1.275098,-0.229784,-1.924632,0.631052
-1.636637,0.774657,-1.572391,2.509882
-2.470445,2.571094,-2.206775,2.387850
-2.229887,2.811096,-1.915638,2.079562
-1.176922,-0.326428,-1.790395,2.245060
-1.161401,-0.297331,-1.737258,2.092395
-1.958555,1.786280,-2.418721,2.374831
-2.720741,2.507616,-2.499160,2.601880
-2.174681,2.601397,-1.979042,2.353342
-1.900098,2.650058,-1.700988,2.223250
-1.097972,-0.685815,-1.295927,-0.551355
-2.018902,2.333551,-2.105857,2.329577
-2.185091,1.954041,-1.765727,2.534457
-2.079956,2.059958,-1.742564,2.310386
-2.164510,2.145601,-1.935642,2.342149
-2.081467,2.151556,-1.908705,2.260622
-2.117146,2.085301,-1.948450,2.358105
-2.175795,2.149133,-2.026337,2.325660
-1.979957,2.037180,-1.912518,2.505106
-1.774769,2.222591,-2.247154,2.211408
-1.915869,1.982566,-1.951352,2.176411
-1.620607,-0.445202,-1.276051,2.497226
-1.062665,2.241122,-1.963749,-0.240158
-2.381433,2.576642,-2.086295,2.076122
-1.485210,-0.248251,-1.593999,-0.832907
-1.957200,1.933491,-0.955432,2.157921
-2.280904,2.580434,-1.893952,2.441261
-2.265154,2.621042,-1.831502,2.506970
-1.575375,2.376878,-1.797374,2.025364
-1.183877,2.450227,-1.937999,2.283904
-1.510845,-0.537819,-1.441426,-0.635470
-1.068174,2.514289,-1.637063,2.399545
-1.089837,-0.822715,-1.181220,-0.578946
-1.314157,-0.647640,-2.390407,2.504093
-1.146115,-0.740567,-1.091940,-0.783136
-1.103837,-0.725518,-1.071771,-0.870227
-1.073754,-0.718277,-1.118005,-0.832543
-1.113348,-0.347137,-0.955585,-0.446983
-1.776067,2.367955,-1.922133,2.111165
-1.817334,0.073463,-1.341760,2.198163
-1.057283,-0.527580,-1.336783,-0.298247
-2.603687,2.251806,-1.407005,2.205758
-1.386518,1.563995,-2.314268,2.566271
-1.387571,2.429863,-2.198537,2.412579
-1.019369,-0.457208,-1.384574,-0.385634
-2.622260,2.301163,-1.497076,2.218808
-1.300235,1.625254,-2.377740,2.526052
-1.603538,2.346782,-2.171110,2.500226
-2.020056,2.315694,-1.578034,2.288035
-1.530915,2.489506,-1.964611,-0.038764
-2.006000,2.300925,-1.548347,2.253212
-1.577721,2.462939,-1.950825,0.030012
-2.031454,2.297642,-1.557769,2.288422
-1.513169,2.504732,-1.973824,0.035333
-2.002567,2.340670,-1.585972,2.326965
-1.512687,2.428446,-1.940783,0.100823
-1.217420,-0.699598,-1.137913,-0.877299
-1.084119,-0.797605,-1.166249,-0.664606
-1.078911,-0.859880,-0.964261,-0.831720
-1.528638,2.639622,-1.504241,2.182355
-1.277305,2.374025,-2.026648,2.047836
-1.279028,2.388675,-2.009261,2.097230
-2.865699,2.636590,-2.519325,2.611359
-1.343143,2.100525,-1.857522,2.022656
-2.123933,1.870998,-2.137392,2.312868
-2.081137,1.795126,-2.010953,2.313322
-1.374931,2.421045,-2.035144,1.937472
-1.491837,2.006035,-2.206203,0.037094
-1.368428,-0.127509,0.871561,1.568311
-1.528678,-0.717838,-2.440786,2.520066
-1.153259,-0.716646,-1.086383,-0.711479
-1.624542,1.615566,-1.615203,2.100709
-1.117432,-0.860441,-1.038393,-0.773469
-1.287150,-0.503377,-1.910949,2.145581
-1.634676,-0.693393,-1.425842,-0.158407
-1.161360,-0.741842,-1.109077,-0.735774
-2.075808,2.757352,-2.470529,2.380055
-1.206528,-0.533884,-1.259416,-0.716766
-1.128857,-0.960796,-1.261606,-0.476324
-2.299982,2.721998,-2.459536,2.592818
-1.563165,2.150394,-2.219543,2.398194
-1.519738,2.211741,-2.279316,2.429313
-2.301097,2.367093,-1.983866,2.167984
-2.581782,2.652016,-2.157001,2.096470
-1.760235,2.645126,-1.438562,2.086470
-1.833110,1.926855,-0.939638,-0.686486
-1.067571,-0.742389,-1.097379,-0.774119
-2.400648,2.797927,-1.630932,2.240872
-1.081854,-0.734069,-1.017101,-0.851698
-1.045697,-0.846804,-0.949731,-0.834417
-2.005887,2.335810,-2.024937,2.129841
-1.947356,0.150838,-1.664032,2.192648
-1.873955,0.276611,-1.808139,2.267625
-1.397535,2.265033,-2.053183,3.003346
-1.747731,0.488692,-0.905878,-0.719163
-1.363039,2.315784,-2.152098,3.050134
-1.663134,0.489619,-0.848886,-0.827728
-1.311336,2.374786,-2.153504,2.935769
-1.710749,0.387649,-0.854664,-0.749947
-1.350720,2.288311,-2.104059,3.006147
-1.666228,0.451155,-0.928562,-0.736201
-1.284343,2.804612,-1.250221,2.323877
-1.291181,2.800314,-1.286797,2.329382
-1.286592,2.750614,-1.200131,2.265308
-1.254716,2.839787,-1.299678,2.348760
-1.258551,2.800048,-1.219921,2.338905
-1.110822,-0.670041,-1.230364,-0.783688
-1.820586,2.229385,-1.630553,2.366344
-2.695568,2.799659,-2.582218,2.422442
-1.796971,2.669949,-1.879675,1.978932
-1.192476,2.211077,-2.007175,-0.055641
-1.757267,2.656180,-1.822581,2.019497
-1.250949,2.104566,-1.750583,-0.488893
1.168044,0.631345,-1.622570,2.098252
-1.085619,-0.265743,-1.284981,-0.279606
1.158050,0.580038,-1.567325,2.036212
-1.099850,-0.283522,-1.244978,-0.353843
-2.164005,2.569660,-2.099153,2.360945
-2.749216,3.001053,-1.504906,2.172312
-1.573635,2.016058,-2.134939,2.077843
-1.577738,1.992688,-2.105655,2.093445
-1.559071,1.990300,-2.118973,2.094776
-1.136706,-0.753079,-0.944102,-0.872549
-1.167216,-0.780480,-1.103501,-0.252305
-2.390765,2.490946,-2.089588,2.255962
-2.096905,0.567424,-2.337520,0.230821
-1.110903,-0.792604,-1.066167,-0.720126
-2.229271,2.142944,-2.202914,2.470325
-1.087849,-0.553680,-1.234617,-0.868193
-2.343890,2.176184,-2.263091,2.607798
-1.152170,-0.536344,-1.186867,-0.857613
-1.047100,-0.779679,-1.260318,-0.662942
-1.184810,-0.620879,-1.269449,-0.592897
-1.604537,1.932434,-2.135399,2.371819
-1.070132,-0.716831,-1.282578,-0.611876
